source	rule	target	mapping	evidence_scope	source_metadata	guard_and_priority	native_dependencies
contracts/external-bridge.maude	p3109-external-bridge-001	src/contracts.jl	family implementation; source guards reviewed	finite source suites; no universal proof	clause=4.8; parameterized interface; page=31	backendValidCode(C)	P3109-CODEC
contracts/external-bridge.maude	p3109-external-bridge-002	src/contracts.jl	family implementation; source guards reviewed	finite source suites; no universal proof	clause=4.8; parameterized interface; page=31	backendDatum(X)	P3109-CODEC
contracts/external-bridge.maude	p3109-external-bridge-003	src/contracts.jl	family implementation; source guards reviewed	finite source suites; no universal proof	clause=4.8; parameterized interface; page=31	unconditional; enclosing sort/membership restrictions apply	P3109-CODEC
contracts/external-bridge.maude	p3109-external-bridge-004	src/contracts.jl	family implementation; source guards reviewed	finite source suites; no universal proof	clause=4.8; parameterized interface; page=31	unconditional; enclosing sort/membership restrictions apply	P3109-CODEC
contracts/external-format.maude	p3109-external-format-001	src/contracts.jl	family implementation; source guards reviewed	finite source suites; no universal proof	clause=4.8; 4.14; page=31; 58	backendDatum(X)	P3109-EXTERNAL-SIGNATURE
contracts/external-format.maude	p3109-external-format-002	src/contracts.jl	family implementation; source guards reviewed	finite source suites; no universal proof	clause=4.8; 4.14; page=31; 58	backendValidCode(C)	P3109-EXTERNAL-SIGNATURE
contracts/external-format.maude	p3109-external-format-003	src/contracts.jl	family implementation; source guards reviewed	finite source suites; no universal proof	clause=4.8; 4.14; page=31; 58	backendValidCode(C)	P3109-EXTERNAL-SIGNATURE
contracts/external-format.maude	p3109-external-format-004	src/contracts.jl	family implementation; source guards reviewed	finite source suites; no universal proof	clause=4.8; 4.14; page=31; 58	backendDatum(X)	P3109-EXTERNAL-SIGNATURE
contracts/external-format.maude	p3109-external-format-005	src/contracts.jl	family implementation; source guards reviewed	finite source suites; no universal proof	clause=4.8; 4.14; page=31; 58	unconditional; enclosing sort/membership restrictions apply	P3109-EXTERNAL-SIGNATURE
contracts/external-format.maude	p3109-external-format-006	src/contracts.jl	family implementation; source guards reviewed	finite source suites; no universal proof	clause=4.8; 4.14; page=31; 58	unconditional; enclosing sort/membership restrictions apply	P3109-EXTERNAL-SIGNATURE
contracts/external-format.maude	p3109-external-format-007	src/contracts.jl	family implementation; source guards reviewed	finite source suites; no universal proof	clause=4.8; 4.14; page=31; 58	unconditional; enclosing sort/membership restrictions apply	P3109-EXTERNAL-SIGNATURE
contracts/external-format.maude	p3109-external-format-008	src/contracts.jl	family implementation; source guards reviewed	finite source suites; no universal proof	clause=4.8; 4.14; page=31; 58	unconditional; enclosing sort/membership restrictions apply	P3109-EXTERNAL-SIGNATURE
contracts/real.maude	p3109-real-001	src/contracts.jl	family implementation; source guards reviewed	finite source suites; no universal proof	clause=3.1; 4.10; interpretation obligation; page=16; 33-48	unconditional; enclosing sort/membership restrictions apply	P3109-XREAL
contracts/real.maude	p3109-real-002	src/contracts.jl	family implementation; source guards reviewed	finite source suites; no universal proof	clause=3.1; 4.10; interpretation obligation; page=16; 33-48	unconditional; enclosing sort/membership restrictions apply	P3109-XREAL
contracts/real.maude	p3109-real-003	src/contracts.jl	family implementation; source guards reviewed	finite source suites; no universal proof	clause=3.1; 4.10; interpretation obligation; page=16; 33-48	unconditional; enclosing sort/membership restrictions apply	P3109-XREAL
contracts/real.maude	p3109-real-004	src/contracts.jl	family implementation; source guards reviewed	finite source suites; no universal proof	clause=3.1; 4.10; interpretation obligation; page=16; 33-48	unconditional; enclosing sort/membership restrictions apply	P3109-XREAL
contracts/real.maude	p3109-real-005	src/contracts.jl	family implementation; source guards reviewed	finite source suites; no universal proof	clause=3.1; 4.10; interpretation obligation; page=16; 33-48	unconditional; enclosing sort/membership restrictions apply	P3109-XREAL
contracts/real.maude	p3109-real-006	src/contracts.jl	family implementation; source guards reviewed	finite source suites; no universal proof	clause=3.1; 4.10; interpretation obligation; page=16; 33-48	unconditional; enclosing sort/membership restrictions apply	P3109-XREAL
contracts/real.maude	p3109-real-007	src/contracts.jl	family implementation; source guards reviewed	finite source suites; no universal proof	clause=3.1; 4.10; interpretation obligation; page=16; 33-48	unconditional; enclosing sort/membership restrictions apply	P3109-XREAL
contracts/real.maude	p3109-real-008	src/contracts.jl	family implementation; source guards reviewed	finite source suites; no universal proof	clause=3.1; 4.10; interpretation obligation; page=16; 33-48	unconditional; enclosing sort/membership restrictions apply	P3109-XREAL
contracts/real.maude	p3109-real-009	src/contracts.jl	family implementation; source guards reviewed	finite source suites; no universal proof	clause=3.1; 4.10; interpretation obligation; page=16; 33-48	A =/= realZero	P3109-XREAL
contracts/real.maude	p3109-real-010	src/contracts.jl	family implementation; source guards reviewed	finite source suites; no universal proof	clause=3.1; 4.10; interpretation obligation; page=16; 33-48	unconditional; enclosing sort/membership restrictions apply	P3109-XREAL
contracts/real.maude	p3109-real-011	src/contracts.jl	family implementation; source guards reviewed	finite source suites; no universal proof	clause=3.1; 4.10; interpretation obligation; page=16; 33-48	lessReal(A, B) /\ lessReal(B, C)	P3109-XREAL
contracts/real.maude	p3109-real-012	src/contracts.jl	family implementation; source guards reviewed	finite source suites; no universal proof	clause=3.1; 4.10; interpretation obligation; page=16; 33-48	lessReal(A, B)	P3109-XREAL
contracts/real.maude	p3109-real-013	src/contracts.jl	family implementation; source guards reviewed	finite source suites; no universal proof	clause=3.1; 4.10; interpretation obligation; page=16; 33-48	lessReal(A, B) /\ lessReal(realZero, C)	P3109-XREAL
contracts/real.maude	p3109-real-014	src/contracts.jl	family implementation; source guards reviewed	finite source suites; no universal proof	clause=3.1; 4.10; interpretation obligation; page=16; 33-48	unconditional; enclosing sort/membership restrictions apply	P3109-XREAL
contracts/real.maude	p3109-real-015	src/contracts.jl	family implementation; source guards reviewed	finite source suites; no universal proof	clause=3.1; 4.10; interpretation obligation; page=16; 33-48	unconditional; enclosing sort/membership restrictions apply	P3109-XREAL
lib/block-core.maude	p3109-scaled-result	src/operations.jl	family implementation; source guards reviewed	finite source suites; no universal proof	clause=5.8; page=70	unconditional; enclosing sort/membership restrictions apply	P3109-PROJECT; P3109-OMEGA-ARITHMETIC; P3109-SEQUENCE{XRealElt} * (sort Seq{XRealElt} to XSeq, op nil to xnil, op cons to xcons); P3109-SEQUENCE{CodeElt} * (sort Seq{CodeElt} to CodeSeq, op nil to cnil, op cons to ccons)
lib/block-core.maude	p3109-block-core-001	src/operations.jl	family implementation; source guards reviewed	finite source suites; no universal proof	clause=5.2-5.4; page=61-63	unconditional; enclosing sort/membership restrictions apply	P3109-PROJECT; P3109-OMEGA-ARITHMETIC; P3109-SEQUENCE{XRealElt} * (sort Seq{XRealElt} to XSeq, op nil to xnil, op cons to xcons); P3109-SEQUENCE{CodeElt} * (sort Seq{CodeElt} to CodeSeq, op nil to cnil, op cons to ccons)
lib/block-core.maude	p3109-block-core-002	src/operations.jl	family implementation; source guards reviewed	finite source suites; no universal proof	clause=5.2-5.4; page=61-63	unconditional; enclosing sort/membership restrictions apply	P3109-PROJECT; P3109-OMEGA-ARITHMETIC; P3109-SEQUENCE{XRealElt} * (sort Seq{XRealElt} to XSeq, op nil to xnil, op cons to xcons); P3109-SEQUENCE{CodeElt} * (sort Seq{CodeElt} to CodeSeq, op nil to cnil, op cons to ccons)
lib/block-core.maude	p3109-block-core-003	src/operations.jl	family implementation; source guards reviewed	finite source suites; no universal proof	clause=5.2-5.4; page=61-63	unconditional; enclosing sort/membership restrictions apply	P3109-PROJECT; P3109-OMEGA-ARITHMETIC; P3109-SEQUENCE{XRealElt} * (sort Seq{XRealElt} to XSeq, op nil to xnil, op cons to xcons); P3109-SEQUENCE{CodeElt} * (sort Seq{CodeElt} to CodeSeq, op nil to cnil, op cons to ccons)
lib/block-core.maude	p3109-block-core-004	src/operations.jl	family implementation; source guards reviewed	finite source suites; no universal proof	clause=5.2-5.4; page=61-63	validFormat(FX)	P3109-PROJECT; P3109-OMEGA-ARITHMETIC; P3109-SEQUENCE{XRealElt} * (sort Seq{XRealElt} to XSeq, op nil to xnil, op cons to xcons); P3109-SEQUENCE{CodeElt} * (sort Seq{CodeElt} to CodeSeq, op nil to cnil, op cons to ccons)
lib/block-core.maude	p3109-block-core-005	src/operations.jl	family implementation; source guards reviewed	finite source suites; no universal proof	clause=5.2-5.4; page=61-63	validCodes(FX, ccons(C, CS))	P3109-PROJECT; P3109-OMEGA-ARITHMETIC; P3109-SEQUENCE{XRealElt} * (sort Seq{XRealElt} to XSeq, op nil to xnil, op cons to xcons); P3109-SEQUENCE{CodeElt} * (sort Seq{CodeElt} to CodeSeq, op nil to cnil, op cons to ccons)
lib/block-core.maude	p3109-block-core-006	src/operations.jl	family implementation; source guards reviewed	finite source suites; no universal proof	clause=5.2-5.4; page=61-63	unconditional; enclosing sort/membership restrictions apply	P3109-PROJECT; P3109-OMEGA-ARITHMETIC; P3109-SEQUENCE{XRealElt} * (sort Seq{XRealElt} to XSeq, op nil to xnil, op cons to xcons); P3109-SEQUENCE{CodeElt} * (sort Seq{CodeElt} to CodeSeq, op nil to cnil, op cons to ccons)
lib/block-core.maude	p3109-block-core-007	src/operations.jl	family implementation; source guards reviewed	finite source suites; no universal proof	clause=5.2-5.4; page=61-63	unconditional; enclosing sort/membership restrictions apply	P3109-PROJECT; P3109-OMEGA-ARITHMETIC; P3109-SEQUENCE{XRealElt} * (sort Seq{XRealElt} to XSeq, op nil to xnil, op cons to xcons); P3109-SEQUENCE{CodeElt} * (sort Seq{CodeElt} to CodeSeq, op nil to cnil, op cons to ccons)
lib/block-core.maude	p3109-block-core-008	src/operations.jl	family implementation; source guards reviewed	finite source suites; no universal proof	clause=5.2-5.4; page=61-63	validBlock(B, FS, FX, S, CS)	P3109-PROJECT; P3109-OMEGA-ARITHMETIC; P3109-SEQUENCE{XRealElt} * (sort Seq{XRealElt} to XSeq, op nil to xnil, op cons to xcons); P3109-SEQUENCE{CodeElt} * (sort Seq{CodeElt} to CodeSeq, op nil to cnil, op cons to ccons)
lib/block-core.maude	p3109-block-core-009	src/operations.jl	family implementation; source guards reviewed	finite source suites; no universal proof	clause=5.2-5.4; page=61-63	unconditional; enclosing sort/membership restrictions apply	P3109-PROJECT; P3109-OMEGA-ARITHMETIC; P3109-SEQUENCE{XRealElt} * (sort Seq{XRealElt} to XSeq, op nil to xnil, op cons to xcons); P3109-SEQUENCE{CodeElt} * (sort Seq{CodeElt} to CodeSeq, op nil to cnil, op cons to ccons)
lib/block-core.maude	p3109-block-core-010	src/operations.jl	family implementation; source guards reviewed	finite source suites; no universal proof	clause=5.2-5.4; page=61-63	unconditional; enclosing sort/membership restrictions apply	P3109-PROJECT; P3109-OMEGA-ARITHMETIC; P3109-SEQUENCE{XRealElt} * (sort Seq{XRealElt} to XSeq, op nil to xnil, op cons to xcons); P3109-SEQUENCE{CodeElt} * (sort Seq{CodeElt} to CodeSeq, op nil to cnil, op cons to ccons)
lib/block-core.maude	p3109-block-core-011	src/operations.jl	family implementation; source guards reviewed	finite source suites; no universal proof	clause=5.2-5.4; page=61-63	unconditional; enclosing sort/membership restrictions apply	P3109-PROJECT; P3109-OMEGA-ARITHMETIC; P3109-SEQUENCE{XRealElt} * (sort Seq{XRealElt} to XSeq, op nil to xnil, op cons to xcons); P3109-SEQUENCE{CodeElt} * (sort Seq{CodeElt} to CodeSeq, op nil to cnil, op cons to ccons)
lib/block-core.maude	p3109-block-core-012	src/operations.jl	family implementation; source guards reviewed	finite source suites; no universal proof	clause=5.2-5.4; page=61-63	unconditional; enclosing sort/membership restrictions apply	P3109-PROJECT; P3109-OMEGA-ARITHMETIC; P3109-SEQUENCE{XRealElt} * (sort Seq{XRealElt} to XSeq, op nil to xnil, op cons to xcons); P3109-SEQUENCE{CodeElt} * (sort Seq{CodeElt} to CodeSeq, op nil to cnil, op cons to ccons)
lib/block-core.maude	p3109-block-core-013	src/operations.jl	family implementation; source guards reviewed	finite source suites; no universal proof	clause=5.2-5.4; page=61-63	R =/= 0	P3109-PROJECT; P3109-OMEGA-ARITHMETIC; P3109-SEQUENCE{XRealElt} * (sort Seq{XRealElt} to XSeq, op nil to xnil, op cons to xcons); P3109-SEQUENCE{CodeElt} * (sort Seq{CodeElt} to CodeSeq, op nil to cnil, op cons to ccons)
lib/block-core.maude	p3109-block-core-014	src/operations.jl	family implementation; source guards reviewed	finite source suites; no universal proof	clause=5.2-5.4; page=61-63	B >= 1 /\ length(XS) == B /\ validCode(FS, S) /\ validFormat(FR) /\ validBlockProjection(BP, B)	P3109-PROJECT; P3109-OMEGA-ARITHMETIC; P3109-SEQUENCE{XRealElt} * (sort Seq{XRealElt} to XSeq, op nil to xnil, op cons to xcons); P3109-SEQUENCE{CodeElt} * (sort Seq{CodeElt} to CodeSeq, op nil to cnil, op cons to ccons)
lib/block-core.maude	p3109-block-core-015	src/operations.jl	family implementation; source guards reviewed	finite source suites; no universal proof	clause=5.2-5.4; page=61-63	unconditional; enclosing sort/membership restrictions apply	P3109-PROJECT; P3109-OMEGA-ARITHMETIC; P3109-SEQUENCE{XRealElt} * (sort Seq{XRealElt} to XSeq, op nil to xnil, op cons to xcons); P3109-SEQUENCE{CodeElt} * (sort Seq{CodeElt} to CodeSeq, op nil to cnil, op cons to ccons)
lib/block-core.maude	p3109-block-core-016	src/operations.jl	family implementation; source guards reviewed	finite source suites; no universal proof	clause=5.2-5.4; page=61-63	unconditional; enclosing sort/membership restrictions apply	P3109-PROJECT; P3109-OMEGA-ARITHMETIC; P3109-SEQUENCE{XRealElt} * (sort Seq{XRealElt} to XSeq, op nil to xnil, op cons to xcons); P3109-SEQUENCE{CodeElt} * (sort Seq{CodeElt} to CodeSeq, op nil to cnil, op cons to ccons)
lib/block-core.maude	p3109-block-core-017	src/operations.jl	family implementation; source guards reviewed	finite source suites; no universal proof	clause=5.2-5.4; page=61-63	unconditional; enclosing sort/membership restrictions apply	P3109-PROJECT; P3109-OMEGA-ARITHMETIC; P3109-SEQUENCE{XRealElt} * (sort Seq{XRealElt} to XSeq, op nil to xnil, op cons to xcons); P3109-SEQUENCE{CodeElt} * (sort Seq{CodeElt} to CodeSeq, op nil to cnil, op cons to ccons)
lib/block-core.maude	p3109-block-core-018	src/operations.jl	family implementation; source guards reviewed	finite source suites; no universal proof	clause=5.2-5.4; page=61-63	unconditional; enclosing sort/membership restrictions apply	P3109-PROJECT; P3109-OMEGA-ARITHMETIC; P3109-SEQUENCE{XRealElt} * (sort Seq{XRealElt} to XSeq, op nil to xnil, op cons to xcons); P3109-SEQUENCE{CodeElt} * (sort Seq{CodeElt} to CodeSeq, op nil to cnil, op cons to ccons)
lib/block-ops.maude	p3109-block-ops-001	src/operations.jl	family implementation; source guards reviewed	finite source suites; no universal proof	clause=5.5-5.6; page=64-68	unconditional; enclosing sort/membership restrictions apply	P3109-BLOCK-CORE; P3109-OMEGA-EXTREMA
lib/block-ops.maude	p3109-block-ops-002	src/operations.jl	family implementation; source guards reviewed	finite source suites; no universal proof	clause=5.5-5.6; page=64-68	unconditional; enclosing sort/membership restrictions apply	P3109-BLOCK-CORE; P3109-OMEGA-EXTREMA
lib/block-ops.maude	p3109-block-ops-003	src/operations.jl	family implementation; source guards reviewed	finite source suites; no universal proof	clause=5.5-5.6; page=64-68	unconditional; enclosing sort/membership restrictions apply	P3109-BLOCK-CORE; P3109-OMEGA-EXTREMA
lib/block-ops.maude	p3109-block-ops-004	src/operations.jl	family implementation; source guards reviewed	finite source suites; no universal proof	clause=5.5-5.6; page=64-68	unconditional; enclosing sort/membership restrictions apply	P3109-BLOCK-CORE; P3109-OMEGA-EXTREMA
lib/block-ops.maude	p3109-block-ops-005	src/operations.jl	family implementation; source guards reviewed	finite source suites; no universal proof	clause=5.5-5.6; page=64-68	unconditional; enclosing sort/membership restrictions apply	P3109-BLOCK-CORE; P3109-OMEGA-EXTREMA
lib/block-ops.maude	p3109-block-ops-006	src/operations.jl	family implementation; source guards reviewed	finite source suites; no universal proof	clause=5.5-5.6; page=64-68	unconditional; enclosing sort/membership restrictions apply	P3109-BLOCK-CORE; P3109-OMEGA-EXTREMA
lib/block-ops.maude	p3109-block-ops-007	src/operations.jl	family implementation; source guards reviewed	finite source suites; no universal proof	clause=5.5-5.6; page=64-68	unconditional; enclosing sort/membership restrictions apply	P3109-BLOCK-CORE; P3109-OMEGA-EXTREMA
lib/block-ops.maude	p3109-block-ops-008	src/operations.jl	family implementation; source guards reviewed	finite source suites; no universal proof	clause=5.5-5.6; page=64-68	unconditional; enclosing sort/membership restrictions apply	P3109-BLOCK-CORE; P3109-OMEGA-EXTREMA
lib/block-ops.maude	p3109-block-ops-009	src/operations.jl	family implementation; source guards reviewed	finite source suites; no universal proof	clause=5.5-5.6; page=64-68	unconditional; enclosing sort/membership restrictions apply	P3109-BLOCK-CORE; P3109-OMEGA-EXTREMA
lib/block-ops.maude	p3109-block-ops-010	src/operations.jl	family implementation; source guards reviewed	finite source suites; no universal proof	clause=5.5-5.6; page=64-68	unconditional; enclosing sort/membership restrictions apply	P3109-BLOCK-CORE; P3109-OMEGA-EXTREMA
lib/block-ops.maude	p3109-block-ops-011	src/operations.jl	family implementation; source guards reviewed	finite source suites; no universal proof	clause=5.5-5.6; page=64-68	validBlock(B, FS, FX, S, CS) /\ validFormat(FR) /\ validBlockProjection(BP, B)	P3109-BLOCK-CORE; P3109-OMEGA-EXTREMA
lib/block-ops.maude	p3109-block-ops-012	src/operations.jl	family implementation; source guards reviewed	finite source suites; no universal proof	clause=5.5-5.6; page=64-68	B >= 1 /\ length(CS) == B /\ validCodes(FX, CS) /\ validCode(FS, S) /\ validFormat(FR) /\ validBlockProjection(BP, B)	P3109-BLOCK-CORE; P3109-OMEGA-EXTREMA
lib/block-ops.maude	p3109-block-ops-013	src/operations.jl	family implementation; source guards reviewed	finite source suites; no universal proof	clause=5.5-5.6; page=64-68	B >= 1 /\ length(CS) == B /\ validCodes(FX, CS) /\ validFormat(FS) /\ validFormat(FR) /\ validProjection(PS) /\ validBlockProjection(BP, B)	P3109-BLOCK-CORE; P3109-OMEGA-EXTREMA
lib/block-ops.maude	p3109-block-ops-014	src/operations.jl	family implementation; source guards reviewed	finite source suites; no universal proof	clause=5.5-5.6; page=64-68	validCode(FS, S)	P3109-BLOCK-CORE; P3109-OMEGA-EXTREMA
lib/block-ops.maude	p3109-block-ops-015	src/operations.jl	family implementation; source guards reviewed	finite source suites; no universal proof	clause=5.5-5.6; page=64-68	validBlock(B, FS, FX, S, CS) /\ validFormat(FR) /\ validProjection(PS)	P3109-BLOCK-CORE; P3109-OMEGA-EXTREMA
lib/block-ops.maude	p3109-block-ops-016	src/operations.jl	family implementation; source guards reviewed	finite source suites; no universal proof	clause=5.5-5.6; page=64-68	validBlock(B, FS, FX, S, CS) /\ validFormat(FR) /\ validProjection(PS)	P3109-BLOCK-CORE; P3109-OMEGA-EXTREMA
lib/block-ops.maude	p3109-block-ops-017	src/operations.jl	family implementation; source guards reviewed	finite source suites; no universal proof	clause=5.5-5.6; page=64-68	validBlock(B, FS, FX, S, CS) /\ validBlock(B, FSY, FY, T, DS) /\ validFormat(FR) /\ validProjection(PS)	P3109-BLOCK-CORE; P3109-OMEGA-EXTREMA
lib/block-templates.maude	p3109-template-block-1	src/operations.jl	family implementation; source guards reviewed	finite source suites; no universal proof	clause=5.7-5.8; page=69-70	validBlock(B, FS1, F1, S1, CS1) /\ validCode(FS, S) /\ validFormat(FR) /\ validBlockProjection(BP, B)	P3109-BLOCK; P3109-BLOCK; P3109-BLOCK
lib/block-templates.maude	p3109-template-map-1-nil	src/operations.jl	family implementation; source guards reviewed	finite source suites; no universal proof	clause=5.7-5.8; page=69-70	unconditional; enclosing sort/membership restrictions apply	P3109-BLOCK; P3109-BLOCK; P3109-BLOCK
lib/block-templates.maude	p3109-template-map-1-cons	src/operations.jl	family implementation; source guards reviewed	finite source suites; no universal proof	clause=5.7-5.8; page=69-70	unconditional; enclosing sort/membership restrictions apply	P3109-BLOCK; P3109-BLOCK; P3109-BLOCK
lib/block-templates.maude	p3109-template-scaled-1	src/operations.jl	family implementation; source guards reviewed	finite source suites; no universal proof	clause=5.7-5.8; page=69-70	validCode(FS1, S1) /\ validCode(F1, C1) /\ validFormat(FR) /\ validProjection(PS)	P3109-BLOCK; P3109-BLOCK; P3109-BLOCK
lib/block-templates.maude	p3109-template-block-2	src/operations.jl	family implementation; source guards reviewed	finite source suites; no universal proof	clause=5.7-5.8; page=69-70	validBlock(B, FS1, F1, S1, CS1) /\ validBlock(B, FS2, F2, S2, CS2) /\ validCode(FS, S) /\ validFormat(FR) /\ validBlockProjection(BP, B)	P3109-BLOCK; P3109-BLOCK; P3109-BLOCK
lib/block-templates.maude	p3109-template-map-2-nil	src/operations.jl	family implementation; source guards reviewed	finite source suites; no universal proof	clause=5.7-5.8; page=69-70	unconditional; enclosing sort/membership restrictions apply	P3109-BLOCK; P3109-BLOCK; P3109-BLOCK
lib/block-templates.maude	p3109-template-map-2-cons	src/operations.jl	family implementation; source guards reviewed	finite source suites; no universal proof	clause=5.7-5.8; page=69-70	unconditional; enclosing sort/membership restrictions apply	P3109-BLOCK; P3109-BLOCK; P3109-BLOCK
lib/block-templates.maude	p3109-template-scaled-2	src/operations.jl	family implementation; source guards reviewed	finite source suites; no universal proof	clause=5.7-5.8; page=69-70	validCode(FS1, S1) /\ validCode(F1, C1) /\ validCode(FS2, S2) /\ validCode(F2, C2) /\ validFormat(FR) /\ validProjection(PS)	P3109-BLOCK; P3109-BLOCK; P3109-BLOCK
lib/block-templates.maude	p3109-template-block-3	src/operations.jl	family implementation; source guards reviewed	finite source suites; no universal proof	clause=5.7-5.8; page=69-70	validBlock(B, FS1, F1, S1, CS1) /\ validBlock(B, FS2, F2, S2, CS2) /\ validBlock(B, FS3, F3, S3, CS3) /\ validCode(FS, S) /\ validFormat(FR) /\ validBlockProjection(BP, B)	P3109-BLOCK; P3109-BLOCK; P3109-BLOCK
lib/block-templates.maude	p3109-template-map-3-nil	src/operations.jl	family implementation; source guards reviewed	finite source suites; no universal proof	clause=5.7-5.8; page=69-70	unconditional; enclosing sort/membership restrictions apply	P3109-BLOCK; P3109-BLOCK; P3109-BLOCK
lib/block-templates.maude	p3109-template-map-3-cons	src/operations.jl	family implementation; source guards reviewed	finite source suites; no universal proof	clause=5.7-5.8; page=69-70	unconditional; enclosing sort/membership restrictions apply	P3109-BLOCK; P3109-BLOCK; P3109-BLOCK
lib/block-templates.maude	p3109-template-scaled-3	src/operations.jl	family implementation; source guards reviewed	finite source suites; no universal proof	clause=5.7-5.8; page=69-70	validCode(FS1, S1) /\ validCode(F1, C1) /\ validCode(FS2, S2) /\ validCode(F2, C2) /\ validCode(FS3, S3) /\ validCode(F3, C3) /\ validFormat(FR) /\ validProjection(PS)	P3109-BLOCK; P3109-BLOCK; P3109-BLOCK
lib/block-wrappers.maude	p3109-block-Convert	src/generated_operations.jl	generated instance of shared arity kernel	inventory and source family tests	generated instance; follow template label in source	inherits template guards and ordered shared kernel	P3109-BLOCK
lib/block-wrappers.maude	p3109-map-Convert-nil	src/generated_operations.jl	generated instance of shared arity kernel	inventory and source family tests	generated instance; follow template label in source	inherits template guards and ordered shared kernel	P3109-BLOCK
lib/block-wrappers.maude	p3109-map-Convert-cons	src/generated_operations.jl	generated instance of shared arity kernel	inventory and source family tests	generated instance; follow template label in source	inherits template guards and ordered shared kernel	P3109-BLOCK
lib/block-wrappers.maude	p3109-scaled-Convert	src/generated_operations.jl	generated instance of shared arity kernel	inventory and source family tests	generated instance; follow template label in source	inherits template guards and ordered shared kernel	P3109-BLOCK
lib/block-wrappers.maude	p3109-block-Abs	src/generated_operations.jl	generated instance of shared arity kernel	inventory and source family tests	generated instance; follow template label in source	inherits template guards and ordered shared kernel	P3109-BLOCK
lib/block-wrappers.maude	p3109-map-Abs-nil	src/generated_operations.jl	generated instance of shared arity kernel	inventory and source family tests	generated instance; follow template label in source	inherits template guards and ordered shared kernel	P3109-BLOCK
lib/block-wrappers.maude	p3109-map-Abs-cons	src/generated_operations.jl	generated instance of shared arity kernel	inventory and source family tests	generated instance; follow template label in source	inherits template guards and ordered shared kernel	P3109-BLOCK
lib/block-wrappers.maude	p3109-scaled-Abs	src/generated_operations.jl	generated instance of shared arity kernel	inventory and source family tests	generated instance; follow template label in source	inherits template guards and ordered shared kernel	P3109-BLOCK
lib/block-wrappers.maude	p3109-block-Negate	src/generated_operations.jl	generated instance of shared arity kernel	inventory and source family tests	generated instance; follow template label in source	inherits template guards and ordered shared kernel	P3109-BLOCK
lib/block-wrappers.maude	p3109-map-Negate-nil	src/generated_operations.jl	generated instance of shared arity kernel	inventory and source family tests	generated instance; follow template label in source	inherits template guards and ordered shared kernel	P3109-BLOCK
lib/block-wrappers.maude	p3109-map-Negate-cons	src/generated_operations.jl	generated instance of shared arity kernel	inventory and source family tests	generated instance; follow template label in source	inherits template guards and ordered shared kernel	P3109-BLOCK
lib/block-wrappers.maude	p3109-scaled-Negate	src/generated_operations.jl	generated instance of shared arity kernel	inventory and source family tests	generated instance; follow template label in source	inherits template guards and ordered shared kernel	P3109-BLOCK
lib/block-wrappers.maude	p3109-block-CopySign	src/generated_operations.jl	generated instance of shared arity kernel	inventory and source family tests	generated instance; follow template label in source	inherits template guards and ordered shared kernel	P3109-BLOCK
lib/block-wrappers.maude	p3109-map-CopySign-nil	src/generated_operations.jl	generated instance of shared arity kernel	inventory and source family tests	generated instance; follow template label in source	inherits template guards and ordered shared kernel	P3109-BLOCK
lib/block-wrappers.maude	p3109-map-CopySign-cons	src/generated_operations.jl	generated instance of shared arity kernel	inventory and source family tests	generated instance; follow template label in source	inherits template guards and ordered shared kernel	P3109-BLOCK
lib/block-wrappers.maude	p3109-scaled-CopySign	src/generated_operations.jl	generated instance of shared arity kernel	inventory and source family tests	generated instance; follow template label in source	inherits template guards and ordered shared kernel	P3109-BLOCK
lib/block-wrappers.maude	p3109-block-Add	src/generated_operations.jl	generated instance of shared arity kernel	inventory and source family tests	generated instance; follow template label in source	inherits template guards and ordered shared kernel	P3109-BLOCK
lib/block-wrappers.maude	p3109-map-Add-nil	src/generated_operations.jl	generated instance of shared arity kernel	inventory and source family tests	generated instance; follow template label in source	inherits template guards and ordered shared kernel	P3109-BLOCK
lib/block-wrappers.maude	p3109-map-Add-cons	src/generated_operations.jl	generated instance of shared arity kernel	inventory and source family tests	generated instance; follow template label in source	inherits template guards and ordered shared kernel	P3109-BLOCK
lib/block-wrappers.maude	p3109-scaled-Add	src/generated_operations.jl	generated instance of shared arity kernel	inventory and source family tests	generated instance; follow template label in source	inherits template guards and ordered shared kernel	P3109-BLOCK
lib/block-wrappers.maude	p3109-block-Subtract	src/generated_operations.jl	generated instance of shared arity kernel	inventory and source family tests	generated instance; follow template label in source	inherits template guards and ordered shared kernel	P3109-BLOCK
lib/block-wrappers.maude	p3109-map-Subtract-nil	src/generated_operations.jl	generated instance of shared arity kernel	inventory and source family tests	generated instance; follow template label in source	inherits template guards and ordered shared kernel	P3109-BLOCK
lib/block-wrappers.maude	p3109-map-Subtract-cons	src/generated_operations.jl	generated instance of shared arity kernel	inventory and source family tests	generated instance; follow template label in source	inherits template guards and ordered shared kernel	P3109-BLOCK
lib/block-wrappers.maude	p3109-scaled-Subtract	src/generated_operations.jl	generated instance of shared arity kernel	inventory and source family tests	generated instance; follow template label in source	inherits template guards and ordered shared kernel	P3109-BLOCK
lib/block-wrappers.maude	p3109-block-Multiply	src/generated_operations.jl	generated instance of shared arity kernel	inventory and source family tests	generated instance; follow template label in source	inherits template guards and ordered shared kernel	P3109-BLOCK
lib/block-wrappers.maude	p3109-map-Multiply-nil	src/generated_operations.jl	generated instance of shared arity kernel	inventory and source family tests	generated instance; follow template label in source	inherits template guards and ordered shared kernel	P3109-BLOCK
lib/block-wrappers.maude	p3109-map-Multiply-cons	src/generated_operations.jl	generated instance of shared arity kernel	inventory and source family tests	generated instance; follow template label in source	inherits template guards and ordered shared kernel	P3109-BLOCK
lib/block-wrappers.maude	p3109-scaled-Multiply	src/generated_operations.jl	generated instance of shared arity kernel	inventory and source family tests	generated instance; follow template label in source	inherits template guards and ordered shared kernel	P3109-BLOCK
lib/block-wrappers.maude	p3109-block-Divide	src/generated_operations.jl	generated instance of shared arity kernel	inventory and source family tests	generated instance; follow template label in source	inherits template guards and ordered shared kernel	P3109-BLOCK
lib/block-wrappers.maude	p3109-map-Divide-nil	src/generated_operations.jl	generated instance of shared arity kernel	inventory and source family tests	generated instance; follow template label in source	inherits template guards and ordered shared kernel	P3109-BLOCK
lib/block-wrappers.maude	p3109-map-Divide-cons	src/generated_operations.jl	generated instance of shared arity kernel	inventory and source family tests	generated instance; follow template label in source	inherits template guards and ordered shared kernel	P3109-BLOCK
lib/block-wrappers.maude	p3109-scaled-Divide	src/generated_operations.jl	generated instance of shared arity kernel	inventory and source family tests	generated instance; follow template label in source	inherits template guards and ordered shared kernel	P3109-BLOCK
lib/block-wrappers.maude	p3109-block-FMA	src/generated_operations.jl	generated instance of shared arity kernel	inventory and source family tests	generated instance; follow template label in source	inherits template guards and ordered shared kernel	P3109-BLOCK
lib/block-wrappers.maude	p3109-map-FMA-nil	src/generated_operations.jl	generated instance of shared arity kernel	inventory and source family tests	generated instance; follow template label in source	inherits template guards and ordered shared kernel	P3109-BLOCK
lib/block-wrappers.maude	p3109-map-FMA-cons	src/generated_operations.jl	generated instance of shared arity kernel	inventory and source family tests	generated instance; follow template label in source	inherits template guards and ordered shared kernel	P3109-BLOCK
lib/block-wrappers.maude	p3109-scaled-FMA	src/generated_operations.jl	generated instance of shared arity kernel	inventory and source family tests	generated instance; follow template label in source	inherits template guards and ordered shared kernel	P3109-BLOCK
lib/block-wrappers.maude	p3109-block-FAA	src/generated_operations.jl	generated instance of shared arity kernel	inventory and source family tests	generated instance; follow template label in source	inherits template guards and ordered shared kernel	P3109-BLOCK
lib/block-wrappers.maude	p3109-map-FAA-nil	src/generated_operations.jl	generated instance of shared arity kernel	inventory and source family tests	generated instance; follow template label in source	inherits template guards and ordered shared kernel	P3109-BLOCK
lib/block-wrappers.maude	p3109-map-FAA-cons	src/generated_operations.jl	generated instance of shared arity kernel	inventory and source family tests	generated instance; follow template label in source	inherits template guards and ordered shared kernel	P3109-BLOCK
lib/block-wrappers.maude	p3109-scaled-FAA	src/generated_operations.jl	generated instance of shared arity kernel	inventory and source family tests	generated instance; follow template label in source	inherits template guards and ordered shared kernel	P3109-BLOCK
lib/block-wrappers.maude	p3109-block-Recip	src/generated_operations.jl	generated instance of shared arity kernel	inventory and source family tests	generated instance; follow template label in source	inherits template guards and ordered shared kernel	P3109-BLOCK
lib/block-wrappers.maude	p3109-map-Recip-nil	src/generated_operations.jl	generated instance of shared arity kernel	inventory and source family tests	generated instance; follow template label in source	inherits template guards and ordered shared kernel	P3109-BLOCK
lib/block-wrappers.maude	p3109-map-Recip-cons	src/generated_operations.jl	generated instance of shared arity kernel	inventory and source family tests	generated instance; follow template label in source	inherits template guards and ordered shared kernel	P3109-BLOCK
lib/block-wrappers.maude	p3109-scaled-Recip	src/generated_operations.jl	generated instance of shared arity kernel	inventory and source family tests	generated instance; follow template label in source	inherits template guards and ordered shared kernel	P3109-BLOCK
lib/block-wrappers.maude	p3109-block-Minimum	src/generated_operations.jl	generated instance of shared arity kernel	inventory and source family tests	generated instance; follow template label in source	inherits template guards and ordered shared kernel	P3109-BLOCK
lib/block-wrappers.maude	p3109-map-Minimum-nil	src/generated_operations.jl	generated instance of shared arity kernel	inventory and source family tests	generated instance; follow template label in source	inherits template guards and ordered shared kernel	P3109-BLOCK
lib/block-wrappers.maude	p3109-map-Minimum-cons	src/generated_operations.jl	generated instance of shared arity kernel	inventory and source family tests	generated instance; follow template label in source	inherits template guards and ordered shared kernel	P3109-BLOCK
lib/block-wrappers.maude	p3109-scaled-Minimum	src/generated_operations.jl	generated instance of shared arity kernel	inventory and source family tests	generated instance; follow template label in source	inherits template guards and ordered shared kernel	P3109-BLOCK
lib/block-wrappers.maude	p3109-block-Maximum	src/generated_operations.jl	generated instance of shared arity kernel	inventory and source family tests	generated instance; follow template label in source	inherits template guards and ordered shared kernel	P3109-BLOCK
lib/block-wrappers.maude	p3109-map-Maximum-nil	src/generated_operations.jl	generated instance of shared arity kernel	inventory and source family tests	generated instance; follow template label in source	inherits template guards and ordered shared kernel	P3109-BLOCK
lib/block-wrappers.maude	p3109-map-Maximum-cons	src/generated_operations.jl	generated instance of shared arity kernel	inventory and source family tests	generated instance; follow template label in source	inherits template guards and ordered shared kernel	P3109-BLOCK
lib/block-wrappers.maude	p3109-scaled-Maximum	src/generated_operations.jl	generated instance of shared arity kernel	inventory and source family tests	generated instance; follow template label in source	inherits template guards and ordered shared kernel	P3109-BLOCK
lib/block-wrappers.maude	p3109-block-MinimumNumber	src/generated_operations.jl	generated instance of shared arity kernel	inventory and source family tests	generated instance; follow template label in source	inherits template guards and ordered shared kernel	P3109-BLOCK
lib/block-wrappers.maude	p3109-map-MinimumNumber-nil	src/generated_operations.jl	generated instance of shared arity kernel	inventory and source family tests	generated instance; follow template label in source	inherits template guards and ordered shared kernel	P3109-BLOCK
lib/block-wrappers.maude	p3109-map-MinimumNumber-cons	src/generated_operations.jl	generated instance of shared arity kernel	inventory and source family tests	generated instance; follow template label in source	inherits template guards and ordered shared kernel	P3109-BLOCK
lib/block-wrappers.maude	p3109-scaled-MinimumNumber	src/generated_operations.jl	generated instance of shared arity kernel	inventory and source family tests	generated instance; follow template label in source	inherits template guards and ordered shared kernel	P3109-BLOCK
lib/block-wrappers.maude	p3109-block-MaximumNumber	src/generated_operations.jl	generated instance of shared arity kernel	inventory and source family tests	generated instance; follow template label in source	inherits template guards and ordered shared kernel	P3109-BLOCK
lib/block-wrappers.maude	p3109-map-MaximumNumber-nil	src/generated_operations.jl	generated instance of shared arity kernel	inventory and source family tests	generated instance; follow template label in source	inherits template guards and ordered shared kernel	P3109-BLOCK
lib/block-wrappers.maude	p3109-map-MaximumNumber-cons	src/generated_operations.jl	generated instance of shared arity kernel	inventory and source family tests	generated instance; follow template label in source	inherits template guards and ordered shared kernel	P3109-BLOCK
lib/block-wrappers.maude	p3109-scaled-MaximumNumber	src/generated_operations.jl	generated instance of shared arity kernel	inventory and source family tests	generated instance; follow template label in source	inherits template guards and ordered shared kernel	P3109-BLOCK
lib/block-wrappers.maude	p3109-block-MinimumMagnitude	src/generated_operations.jl	generated instance of shared arity kernel	inventory and source family tests	generated instance; follow template label in source	inherits template guards and ordered shared kernel	P3109-BLOCK
lib/block-wrappers.maude	p3109-map-MinimumMagnitude-nil	src/generated_operations.jl	generated instance of shared arity kernel	inventory and source family tests	generated instance; follow template label in source	inherits template guards and ordered shared kernel	P3109-BLOCK
lib/block-wrappers.maude	p3109-map-MinimumMagnitude-cons	src/generated_operations.jl	generated instance of shared arity kernel	inventory and source family tests	generated instance; follow template label in source	inherits template guards and ordered shared kernel	P3109-BLOCK
lib/block-wrappers.maude	p3109-scaled-MinimumMagnitude	src/generated_operations.jl	generated instance of shared arity kernel	inventory and source family tests	generated instance; follow template label in source	inherits template guards and ordered shared kernel	P3109-BLOCK
lib/block-wrappers.maude	p3109-block-MaximumMagnitude	src/generated_operations.jl	generated instance of shared arity kernel	inventory and source family tests	generated instance; follow template label in source	inherits template guards and ordered shared kernel	P3109-BLOCK
lib/block-wrappers.maude	p3109-map-MaximumMagnitude-nil	src/generated_operations.jl	generated instance of shared arity kernel	inventory and source family tests	generated instance; follow template label in source	inherits template guards and ordered shared kernel	P3109-BLOCK
lib/block-wrappers.maude	p3109-map-MaximumMagnitude-cons	src/generated_operations.jl	generated instance of shared arity kernel	inventory and source family tests	generated instance; follow template label in source	inherits template guards and ordered shared kernel	P3109-BLOCK
lib/block-wrappers.maude	p3109-scaled-MaximumMagnitude	src/generated_operations.jl	generated instance of shared arity kernel	inventory and source family tests	generated instance; follow template label in source	inherits template guards and ordered shared kernel	P3109-BLOCK
lib/block-wrappers.maude	p3109-block-MinimumMagnitudeNumber	src/generated_operations.jl	generated instance of shared arity kernel	inventory and source family tests	generated instance; follow template label in source	inherits template guards and ordered shared kernel	P3109-BLOCK
lib/block-wrappers.maude	p3109-map-MinimumMagnitudeNumber-nil	src/generated_operations.jl	generated instance of shared arity kernel	inventory and source family tests	generated instance; follow template label in source	inherits template guards and ordered shared kernel	P3109-BLOCK
lib/block-wrappers.maude	p3109-map-MinimumMagnitudeNumber-cons	src/generated_operations.jl	generated instance of shared arity kernel	inventory and source family tests	generated instance; follow template label in source	inherits template guards and ordered shared kernel	P3109-BLOCK
lib/block-wrappers.maude	p3109-scaled-MinimumMagnitudeNumber	src/generated_operations.jl	generated instance of shared arity kernel	inventory and source family tests	generated instance; follow template label in source	inherits template guards and ordered shared kernel	P3109-BLOCK
lib/block-wrappers.maude	p3109-block-MaximumMagnitudeNumber	src/generated_operations.jl	generated instance of shared arity kernel	inventory and source family tests	generated instance; follow template label in source	inherits template guards and ordered shared kernel	P3109-BLOCK
lib/block-wrappers.maude	p3109-map-MaximumMagnitudeNumber-nil	src/generated_operations.jl	generated instance of shared arity kernel	inventory and source family tests	generated instance; follow template label in source	inherits template guards and ordered shared kernel	P3109-BLOCK
lib/block-wrappers.maude	p3109-map-MaximumMagnitudeNumber-cons	src/generated_operations.jl	generated instance of shared arity kernel	inventory and source family tests	generated instance; follow template label in source	inherits template guards and ordered shared kernel	P3109-BLOCK
lib/block-wrappers.maude	p3109-scaled-MaximumMagnitudeNumber	src/generated_operations.jl	generated instance of shared arity kernel	inventory and source family tests	generated instance; follow template label in source	inherits template guards and ordered shared kernel	P3109-BLOCK
lib/block-wrappers.maude	p3109-block-MinimumFinite	src/generated_operations.jl	generated instance of shared arity kernel	inventory and source family tests	generated instance; follow template label in source	inherits template guards and ordered shared kernel	P3109-BLOCK
lib/block-wrappers.maude	p3109-map-MinimumFinite-nil	src/generated_operations.jl	generated instance of shared arity kernel	inventory and source family tests	generated instance; follow template label in source	inherits template guards and ordered shared kernel	P3109-BLOCK
lib/block-wrappers.maude	p3109-map-MinimumFinite-cons	src/generated_operations.jl	generated instance of shared arity kernel	inventory and source family tests	generated instance; follow template label in source	inherits template guards and ordered shared kernel	P3109-BLOCK
lib/block-wrappers.maude	p3109-scaled-MinimumFinite	src/generated_operations.jl	generated instance of shared arity kernel	inventory and source family tests	generated instance; follow template label in source	inherits template guards and ordered shared kernel	P3109-BLOCK
lib/block-wrappers.maude	p3109-block-MaximumFinite	src/generated_operations.jl	generated instance of shared arity kernel	inventory and source family tests	generated instance; follow template label in source	inherits template guards and ordered shared kernel	P3109-BLOCK
lib/block-wrappers.maude	p3109-map-MaximumFinite-nil	src/generated_operations.jl	generated instance of shared arity kernel	inventory and source family tests	generated instance; follow template label in source	inherits template guards and ordered shared kernel	P3109-BLOCK
lib/block-wrappers.maude	p3109-map-MaximumFinite-cons	src/generated_operations.jl	generated instance of shared arity kernel	inventory and source family tests	generated instance; follow template label in source	inherits template guards and ordered shared kernel	P3109-BLOCK
lib/block-wrappers.maude	p3109-scaled-MaximumFinite	src/generated_operations.jl	generated instance of shared arity kernel	inventory and source family tests	generated instance; follow template label in source	inherits template guards and ordered shared kernel	P3109-BLOCK
lib/block-wrappers.maude	p3109-block-Clamp	src/generated_operations.jl	generated instance of shared arity kernel	inventory and source family tests	generated instance; follow template label in source	inherits template guards and ordered shared kernel	P3109-BLOCK
lib/block-wrappers.maude	p3109-map-Clamp-nil	src/generated_operations.jl	generated instance of shared arity kernel	inventory and source family tests	generated instance; follow template label in source	inherits template guards and ordered shared kernel	P3109-BLOCK
lib/block-wrappers.maude	p3109-map-Clamp-cons	src/generated_operations.jl	generated instance of shared arity kernel	inventory and source family tests	generated instance; follow template label in source	inherits template guards and ordered shared kernel	P3109-BLOCK
lib/block-wrappers.maude	p3109-scaled-Clamp	src/generated_operations.jl	generated instance of shared arity kernel	inventory and source family tests	generated instance; follow template label in source	inherits template guards and ordered shared kernel	P3109-BLOCK
lib/codec.maude	p3109-code-invalid-format	src/codec.jl	family implementation; source guards reviewed	finite source suites; no universal proof	clause=3.1; page=16	not validFormat(F)	P3109-RATIONAL-MATH; P3109-EXTERNAL-SIGNATURE
lib/codec.maude	p3109-codec-001	src/codec.jl	family implementation; source guards reviewed	finite source suites; no universal proof	clause=3.1; 4.7.2; 4.7.6; 4.8; page=16; 25; 30-31	validFormat(F)	P3109-RATIONAL-MATH; P3109-EXTERNAL-SIGNATURE
lib/codec.maude	p3109-codec-002	src/codec.jl	family implementation; source guards reviewed	finite source suites; no universal proof	clause=3.1; 4.7.2; 4.7.6; 4.8; page=16; 25; 30-31	SignednessOf(F) == Signed then 2 ^ (BitwidthOf(F) - 1) else 2 ^ BitwidthOf(F) - 1 fi if validFormat(F) /\ internalFormat(F)	P3109-RATIONAL-MATH; P3109-EXTERNAL-SIGNATURE
lib/codec.maude	p3109-codec-003	src/codec.jl	family implementation; source guards reviewed	finite source suites; no universal proof	clause=3.1; 4.7.2; 4.7.6; 4.8; page=16; 25; 30-31	SignednessOf(F) == Signed then 2 ^ (BitwidthOf(F) - 1) - 1 else 2 ^ BitwidthOf(F) - 2 fi if validFormat(F) /\ internalFormat(F)	P3109-RATIONAL-MATH; P3109-EXTERNAL-SIGNATURE
lib/codec.maude	p3109-codec-004	src/codec.jl	family implementation; source guards reviewed	finite source suites; no universal proof	clause=3.1; 4.7.2; 4.7.6; 4.8; page=16; 25; 30-31	validCode(F, C) /\ not internalFormat(F)	P3109-RATIONAL-MATH; P3109-EXTERNAL-SIGNATURE
lib/codec.maude	p3109-codec-005	src/codec.jl	family implementation; source guards reviewed	finite source suites; no universal proof	clause=3.1; 4.7.2; 4.7.6; 4.8; page=16; 25; 30-31	validCode(F, C) /\ internalFormat(F) /\ C == nanCode(F)	P3109-RATIONAL-MATH; P3109-EXTERNAL-SIGNATURE
lib/codec.maude	p3109-codec-006	src/codec.jl	family implementation; source guards reviewed	finite source suites; no universal proof	clause=3.1; 4.7.2; 4.7.6; 4.8; page=16; 25; 30-31	validCode(F, C) /\ internalFormat(F) /\ DomainOf(F) == Extended /\ C == positiveLimit(F)	P3109-RATIONAL-MATH; P3109-EXTERNAL-SIGNATURE
lib/codec.maude	p3109-codec-007	src/codec.jl	family implementation; source guards reviewed	finite source suites; no universal proof	clause=3.1; 4.7.2; 4.7.6; 4.8; page=16; 25; 30-31	validCode(F, C) /\ internalFormat(F) /\ SignednessOf(F) == Signed /\ DomainOf(F) == Extended /\ C == 2 ^ BitwidthOf(F) - 1	P3109-RATIONAL-MATH; P3109-EXTERNAL-SIGNATURE
lib/codec.maude	p3109-codec-008	src/codec.jl	family implementation; source guards reviewed	finite source suites; no universal proof	clause=3.1; 4.7.2; 4.7.6; 4.8; page=16; 25; 30-31	validCode(F, C) /\ internalFormat(F) /\ SignednessOf(F) == Signed /\ C > nanCode(F) /\ (DomainOf(F) == Finite or C < 2 ^ BitwidthOf(F) - 1)	P3109-RATIONAL-MATH; P3109-EXTERNAL-SIGNATURE
lib/codec.maude	p3109-codec-009	src/codec.jl	family implementation; source guards reviewed	finite source suites; no universal proof	clause=3.1; 4.7.2; 4.7.6; 4.8; page=16; 25; 30-31	validCode(F, C) /\ internalFormat(F) /\ C < nanCode(F) /\ (DomainOf(F) == Finite or C < positiveLimit(F))	P3109-RATIONAL-MATH; P3109-EXTERNAL-SIGNATURE
lib/codec.maude	p3109-codec-010	src/codec.jl	family implementation; source guards reviewed	finite source suites; no universal proof	clause=3.1; 4.7.2; 4.7.6; 4.8; page=16; 25; 30-31	C >= 0 /\ C < 2 ^ (PrecisionOf(F) - 1)	P3109-RATIONAL-MATH; P3109-EXTERNAL-SIGNATURE
lib/codec.maude	p3109-codec-011	src/codec.jl	family implementation; source guards reviewed	finite source suites; no universal proof	clause=3.1; 4.7.2; 4.7.6; 4.8; page=16; 25; 30-31	C >= 2 ^ (PrecisionOf(F) - 1)	P3109-RATIONAL-MATH; P3109-EXTERNAL-SIGNATURE
lib/codec.maude	p3109-codec-012	src/codec.jl	family implementation; source guards reviewed	finite source suites; no universal proof	clause=3.1; 4.7.2; 4.7.6; 4.8; page=16; 25; 30-31	not validFormat(F)	P3109-RATIONAL-MATH; P3109-EXTERNAL-SIGNATURE
lib/codec.maude	p3109-codec-013	src/codec.jl	family implementation; source guards reviewed	finite source suites; no universal proof	clause=3.1; 4.7.2; 4.7.6; 4.8; page=16; 25; 30-31	validFormat(F) /\ not internalFormat(F)	P3109-RATIONAL-MATH; P3109-EXTERNAL-SIGNATURE
lib/codec.maude	p3109-codec-014	src/codec.jl	family implementation; source guards reviewed	finite source suites; no universal proof	clause=3.1; 4.7.2; 4.7.6; 4.8; page=16; 25; 30-31	validFormat(F) /\ internalFormat(F)	P3109-RATIONAL-MATH; P3109-EXTERNAL-SIGNATURE
lib/codec.maude	p3109-codec-015	src/codec.jl	family implementation; source guards reviewed	finite source suites; no universal proof	clause=3.1; 4.7.2; 4.7.6; 4.8; page=16; 25; 30-31	validFormat(F) /\ internalFormat(F)	P3109-RATIONAL-MATH; P3109-EXTERNAL-SIGNATURE
lib/codec.maude	p3109-codec-016	src/codec.jl	family implementation; source guards reviewed	finite source suites; no universal proof	clause=3.1; 4.7.2; 4.7.6; 4.8; page=16; 25; 30-31	validFormat(F) /\ internalFormat(F)	P3109-RATIONAL-MATH; P3109-EXTERNAL-SIGNATURE
lib/codec.maude	p3109-codec-017	src/codec.jl	family implementation; source guards reviewed	finite source suites; no universal proof	clause=3.1; 4.7.2; 4.7.6; 4.8; page=16; 25; 30-31	validFormat(F) /\ internalFormat(F) /\ R < 0 /\ SignednessOf(F) == Unsigned	P3109-RATIONAL-MATH; P3109-EXTERNAL-SIGNATURE
lib/codec.maude	p3109-codec-018	src/codec.jl	family implementation; source guards reviewed	finite source suites; no universal proof	clause=3.1; 4.7.2; 4.7.6; 4.8; page=16; 25; 30-31	validFormat(F) /\ internalFormat(F)	P3109-RATIONAL-MATH; P3109-EXTERNAL-SIGNATURE
lib/codec.maude	p3109-codec-019	src/codec.jl	family implementation; source guards reviewed	finite source suites; no universal proof	clause=3.1; 4.7.2; 4.7.6; 4.8; page=16; 25; 30-31	validFormat(F) /\ internalFormat(F) /\ R =/= 0 /\ (R > 0 or SignednessOf(F) == Signed)	P3109-RATIONAL-MATH; P3109-EXTERNAL-SIGNATURE
lib/codec.maude	p3109-codec-020	src/codec.jl	family implementation; source guards reviewed	finite source suites; no universal proof	clause=3.1; 4.7.2; 4.7.6; 4.8; page=16; 25; 30-31	R > 0 /\ E := max(floorLog2(R), 1 - ExponentBiasOf(F))	P3109-RATIONAL-MATH; P3109-EXTERNAL-SIGNATURE
lib/codec.maude	p3109-codec-021	src/codec.jl	family implementation; source guards reviewed	finite source suites; no universal proof	clause=3.1; 4.7.2; 4.7.6; 4.8; page=16; 25; 30-31	C < 0 or C > positiveLimit(F) or (DomainOf(F) == Extended and C == positiveLimit(F))	P3109-RATIONAL-MATH; P3109-EXTERNAL-SIGNATURE
lib/codec.maude	p3109-codec-022	src/codec.jl	family implementation; source guards reviewed	finite source suites; no universal proof	clause=3.1; 4.7.2; 4.7.6; 4.8; page=16; 25; 30-31	C >= 0 /\ C <= positiveLimit(F) /\ (DomainOf(F) == Finite or C < positiveLimit(F))	P3109-RATIONAL-MATH; P3109-EXTERNAL-SIGNATURE
lib/codec.maude	p3109-codec-023	src/codec.jl	family implementation; source guards reviewed	finite source suites; no universal proof	clause=3.1; 4.7.2; 4.7.6; 4.8; page=16; 25; 30-31	validFormat(F) /\ not internalFormat(F) /\ datum(F, X)	P3109-RATIONAL-MATH; P3109-EXTERNAL-SIGNATURE
lib/codec.maude	p3109-codec-024	src/codec.jl	family implementation; source guards reviewed	finite source suites; no universal proof	clause=3.1; 4.7.2; 4.7.6; 4.8; page=16; 25; 30-31	validFormat(F) /\ internalFormat(F)	P3109-RATIONAL-MATH; P3109-EXTERNAL-SIGNATURE
lib/codec.maude	p3109-codec-025	src/codec.jl	family implementation; source guards reviewed	finite source suites; no universal proof	clause=3.1; 4.7.2; 4.7.6; 4.8; page=16; 25; 30-31	validFormat(F) /\ internalFormat(F) /\ datum(F, posInf)	P3109-RATIONAL-MATH; P3109-EXTERNAL-SIGNATURE
lib/codec.maude	p3109-codec-026	src/codec.jl	family implementation; source guards reviewed	finite source suites; no universal proof	clause=3.1; 4.7.2; 4.7.6; 4.8; page=16; 25; 30-31	validFormat(F) /\ internalFormat(F) /\ datum(F, negInf)	P3109-RATIONAL-MATH; P3109-EXTERNAL-SIGNATURE
lib/codec.maude	p3109-codec-027	src/codec.jl	family implementation; source guards reviewed	finite source suites; no universal proof	clause=3.1; 4.7.2; 4.7.6; 4.8; page=16; 25; 30-31	validFormat(F) /\ internalFormat(F)	P3109-RATIONAL-MATH; P3109-EXTERNAL-SIGNATURE
lib/codec.maude	p3109-codec-028	src/codec.jl	family implementation; source guards reviewed	finite source suites; no universal proof	clause=3.1; 4.7.2; 4.7.6; 4.8; page=16; 25; 30-31	validFormat(F) /\ internalFormat(F) /\ R =/= 0 /\ datum(F, fin(R))	P3109-RATIONAL-MATH; P3109-EXTERNAL-SIGNATURE
lib/conformance.maude	p3109-arity-table-nil	src/conformance.jl	family implementation; source guards reviewed	finite source suites; no universal proof	clause=4.3; page=19-20	unconditional; enclosing sort/membership restrictions apply	P3109-BLOCK-CORE; STRING; P3109-SEQUENCE{FormatElt} * (sort Seq{FormatElt} to FormatSeq, op nil to fnil, op cons to fcons); P3109-SEQUENCE{KappaPartElt} * (sort Seq{KappaPartElt} to KappaPartSeq, op nil to knil, op cons to kcons); P3109-SEQUENCE{CodeSeqElt} * (sort Seq{CodeSeqElt} to PartitionSeq, op nil to pnil, op cons to pcons); P3109-SEQUENCE{DeclarationElt} * (sort Seq{DeclarationElt} to DeclarationSeq, op nil to dnil, op cons to dcons); P3109-SEQUENCE{SpecializationElt} * (sort Seq{SpecializationElt} to SpecializationSeq, op nil to snil, op cons to scons); P3109-CONFORMANCE-DATA; P3109-PREDICATES; P3109-SEQUENCE{ObservationElt} * (sort Seq{ObservationElt} to ObservationSeq, op nil to onil, op cons to ocons); P3109-SEQUENCE{ArityEntryElt} * (sort Seq{ArityEntryElt} to ArityTable, op nil to anil, op cons to acons)
lib/conformance.maude	p3109-arity-table-cons	src/conformance.jl	family implementation; source guards reviewed	finite source suites; no universal proof	clause=4.3; page=19-20	unconditional; enclosing sort/membership restrictions apply	P3109-BLOCK-CORE; STRING; P3109-SEQUENCE{FormatElt} * (sort Seq{FormatElt} to FormatSeq, op nil to fnil, op cons to fcons); P3109-SEQUENCE{KappaPartElt} * (sort Seq{KappaPartElt} to KappaPartSeq, op nil to knil, op cons to kcons); P3109-SEQUENCE{CodeSeqElt} * (sort Seq{CodeSeqElt} to PartitionSeq, op nil to pnil, op cons to pcons); P3109-SEQUENCE{DeclarationElt} * (sort Seq{DeclarationElt} to DeclarationSeq, op nil to dnil, op cons to dcons); P3109-SEQUENCE{SpecializationElt} * (sort Seq{SpecializationElt} to SpecializationSeq, op nil to snil, op cons to scons); P3109-CONFORMANCE-DATA; P3109-PREDICATES; P3109-SEQUENCE{ObservationElt} * (sort Seq{ObservationElt} to ObservationSeq, op nil to onil, op cons to ocons); P3109-SEQUENCE{ArityEntryElt} * (sort Seq{ArityEntryElt} to ArityTable, op nil to anil, op cons to acons)
lib/conformance.maude	p3109-conformance-001	src/conformance.jl	family implementation; source guards reviewed	finite source suites; no universal proof	clause=4.4-4.6; page=21-24	unconditional; enclosing sort/membership restrictions apply	P3109-BLOCK-CORE; STRING; P3109-SEQUENCE{FormatElt} * (sort Seq{FormatElt} to FormatSeq, op nil to fnil, op cons to fcons); P3109-SEQUENCE{KappaPartElt} * (sort Seq{KappaPartElt} to KappaPartSeq, op nil to knil, op cons to kcons); P3109-SEQUENCE{CodeSeqElt} * (sort Seq{CodeSeqElt} to PartitionSeq, op nil to pnil, op cons to pcons); P3109-SEQUENCE{DeclarationElt} * (sort Seq{DeclarationElt} to DeclarationSeq, op nil to dnil, op cons to dcons); P3109-SEQUENCE{SpecializationElt} * (sort Seq{SpecializationElt} to SpecializationSeq, op nil to snil, op cons to scons); P3109-CONFORMANCE-DATA; P3109-PREDICATES; P3109-SEQUENCE{ObservationElt} * (sort Seq{ObservationElt} to ObservationSeq, op nil to onil, op cons to ocons); P3109-SEQUENCE{ArityEntryElt} * (sort Seq{ArityEntryElt} to ArityTable, op nil to anil, op cons to acons)
lib/conformance.maude	p3109-conformance-002	src/conformance.jl	family implementation; source guards reviewed	finite source suites; no universal proof	clause=4.4-4.6; page=21-24	unconditional; enclosing sort/membership restrictions apply	P3109-BLOCK-CORE; STRING; P3109-SEQUENCE{FormatElt} * (sort Seq{FormatElt} to FormatSeq, op nil to fnil, op cons to fcons); P3109-SEQUENCE{KappaPartElt} * (sort Seq{KappaPartElt} to KappaPartSeq, op nil to knil, op cons to kcons); P3109-SEQUENCE{CodeSeqElt} * (sort Seq{CodeSeqElt} to PartitionSeq, op nil to pnil, op cons to pcons); P3109-SEQUENCE{DeclarationElt} * (sort Seq{DeclarationElt} to DeclarationSeq, op nil to dnil, op cons to dcons); P3109-SEQUENCE{SpecializationElt} * (sort Seq{SpecializationElt} to SpecializationSeq, op nil to snil, op cons to scons); P3109-CONFORMANCE-DATA; P3109-PREDICATES; P3109-SEQUENCE{ObservationElt} * (sort Seq{ObservationElt} to ObservationSeq, op nil to onil, op cons to ocons); P3109-SEQUENCE{ArityEntryElt} * (sort Seq{ArityEntryElt} to ArityTable, op nil to anil, op cons to acons)
lib/conformance.maude	p3109-conformance-003	src/conformance.jl	family implementation; source guards reviewed	finite source suites; no universal proof	clause=4.4-4.6; page=21-24	unconditional; enclosing sort/membership restrictions apply	P3109-BLOCK-CORE; STRING; P3109-SEQUENCE{FormatElt} * (sort Seq{FormatElt} to FormatSeq, op nil to fnil, op cons to fcons); P3109-SEQUENCE{KappaPartElt} * (sort Seq{KappaPartElt} to KappaPartSeq, op nil to knil, op cons to kcons); P3109-SEQUENCE{CodeSeqElt} * (sort Seq{CodeSeqElt} to PartitionSeq, op nil to pnil, op cons to pcons); P3109-SEQUENCE{DeclarationElt} * (sort Seq{DeclarationElt} to DeclarationSeq, op nil to dnil, op cons to dcons); P3109-SEQUENCE{SpecializationElt} * (sort Seq{SpecializationElt} to SpecializationSeq, op nil to snil, op cons to scons); P3109-CONFORMANCE-DATA; P3109-PREDICATES; P3109-SEQUENCE{ObservationElt} * (sort Seq{ObservationElt} to ObservationSeq, op nil to onil, op cons to ocons); P3109-SEQUENCE{ArityEntryElt} * (sort Seq{ArityEntryElt} to ArityTable, op nil to anil, op cons to acons)
lib/conformance.maude	p3109-conformance-004	src/conformance.jl	family implementation; source guards reviewed	finite source suites; no universal proof	clause=4.4-4.6; page=21-24	unconditional; enclosing sort/membership restrictions apply	P3109-BLOCK-CORE; STRING; P3109-SEQUENCE{FormatElt} * (sort Seq{FormatElt} to FormatSeq, op nil to fnil, op cons to fcons); P3109-SEQUENCE{KappaPartElt} * (sort Seq{KappaPartElt} to KappaPartSeq, op nil to knil, op cons to kcons); P3109-SEQUENCE{CodeSeqElt} * (sort Seq{CodeSeqElt} to PartitionSeq, op nil to pnil, op cons to pcons); P3109-SEQUENCE{DeclarationElt} * (sort Seq{DeclarationElt} to DeclarationSeq, op nil to dnil, op cons to dcons); P3109-SEQUENCE{SpecializationElt} * (sort Seq{SpecializationElt} to SpecializationSeq, op nil to snil, op cons to scons); P3109-CONFORMANCE-DATA; P3109-PREDICATES; P3109-SEQUENCE{ObservationElt} * (sort Seq{ObservationElt} to ObservationSeq, op nil to onil, op cons to ocons); P3109-SEQUENCE{ArityEntryElt} * (sort Seq{ArityEntryElt} to ArityTable, op nil to anil, op cons to acons)
lib/conformance.maude	p3109-conformance-005	src/conformance.jl	family implementation; source guards reviewed	finite source suites; no universal proof	clause=4.4-4.6; page=21-24	unconditional; enclosing sort/membership restrictions apply	P3109-BLOCK-CORE; STRING; P3109-SEQUENCE{FormatElt} * (sort Seq{FormatElt} to FormatSeq, op nil to fnil, op cons to fcons); P3109-SEQUENCE{KappaPartElt} * (sort Seq{KappaPartElt} to KappaPartSeq, op nil to knil, op cons to kcons); P3109-SEQUENCE{CodeSeqElt} * (sort Seq{CodeSeqElt} to PartitionSeq, op nil to pnil, op cons to pcons); P3109-SEQUENCE{DeclarationElt} * (sort Seq{DeclarationElt} to DeclarationSeq, op nil to dnil, op cons to dcons); P3109-SEQUENCE{SpecializationElt} * (sort Seq{SpecializationElt} to SpecializationSeq, op nil to snil, op cons to scons); P3109-CONFORMANCE-DATA; P3109-PREDICATES; P3109-SEQUENCE{ObservationElt} * (sort Seq{ObservationElt} to ObservationSeq, op nil to onil, op cons to ocons); P3109-SEQUENCE{ArityEntryElt} * (sort Seq{ArityEntryElt} to ArityTable, op nil to anil, op cons to acons)
lib/conformance.maude	p3109-conformance-006	src/conformance.jl	family implementation; source guards reviewed	finite source suites; no universal proof	clause=4.4-4.6; page=21-24	unconditional; enclosing sort/membership restrictions apply	P3109-BLOCK-CORE; STRING; P3109-SEQUENCE{FormatElt} * (sort Seq{FormatElt} to FormatSeq, op nil to fnil, op cons to fcons); P3109-SEQUENCE{KappaPartElt} * (sort Seq{KappaPartElt} to KappaPartSeq, op nil to knil, op cons to kcons); P3109-SEQUENCE{CodeSeqElt} * (sort Seq{CodeSeqElt} to PartitionSeq, op nil to pnil, op cons to pcons); P3109-SEQUENCE{DeclarationElt} * (sort Seq{DeclarationElt} to DeclarationSeq, op nil to dnil, op cons to dcons); P3109-SEQUENCE{SpecializationElt} * (sort Seq{SpecializationElt} to SpecializationSeq, op nil to snil, op cons to scons); P3109-CONFORMANCE-DATA; P3109-PREDICATES; P3109-SEQUENCE{ObservationElt} * (sort Seq{ObservationElt} to ObservationSeq, op nil to onil, op cons to ocons); P3109-SEQUENCE{ArityEntryElt} * (sort Seq{ArityEntryElt} to ArityTable, op nil to anil, op cons to acons)
lib/conformance.maude	p3109-conformance-007	src/conformance.jl	family implementation; source guards reviewed	finite source suites; no universal proof	clause=4.4-4.6; page=21-24	unconditional; enclosing sort/membership restrictions apply	P3109-BLOCK-CORE; STRING; P3109-SEQUENCE{FormatElt} * (sort Seq{FormatElt} to FormatSeq, op nil to fnil, op cons to fcons); P3109-SEQUENCE{KappaPartElt} * (sort Seq{KappaPartElt} to KappaPartSeq, op nil to knil, op cons to kcons); P3109-SEQUENCE{CodeSeqElt} * (sort Seq{CodeSeqElt} to PartitionSeq, op nil to pnil, op cons to pcons); P3109-SEQUENCE{DeclarationElt} * (sort Seq{DeclarationElt} to DeclarationSeq, op nil to dnil, op cons to dcons); P3109-SEQUENCE{SpecializationElt} * (sort Seq{SpecializationElt} to SpecializationSeq, op nil to snil, op cons to scons); P3109-CONFORMANCE-DATA; P3109-PREDICATES; P3109-SEQUENCE{ObservationElt} * (sort Seq{ObservationElt} to ObservationSeq, op nil to onil, op cons to ocons); P3109-SEQUENCE{ArityEntryElt} * (sort Seq{ArityEntryElt} to ArityTable, op nil to anil, op cons to acons)
lib/conformance.maude	p3109-conformance-008	src/conformance.jl	family implementation; source guards reviewed	finite source suites; no universal proof	clause=4.4-4.6; page=21-24	unconditional; enclosing sort/membership restrictions apply	P3109-BLOCK-CORE; STRING; P3109-SEQUENCE{FormatElt} * (sort Seq{FormatElt} to FormatSeq, op nil to fnil, op cons to fcons); P3109-SEQUENCE{KappaPartElt} * (sort Seq{KappaPartElt} to KappaPartSeq, op nil to knil, op cons to kcons); P3109-SEQUENCE{CodeSeqElt} * (sort Seq{CodeSeqElt} to PartitionSeq, op nil to pnil, op cons to pcons); P3109-SEQUENCE{DeclarationElt} * (sort Seq{DeclarationElt} to DeclarationSeq, op nil to dnil, op cons to dcons); P3109-SEQUENCE{SpecializationElt} * (sort Seq{SpecializationElt} to SpecializationSeq, op nil to snil, op cons to scons); P3109-CONFORMANCE-DATA; P3109-PREDICATES; P3109-SEQUENCE{ObservationElt} * (sort Seq{ObservationElt} to ObservationSeq, op nil to onil, op cons to ocons); P3109-SEQUENCE{ArityEntryElt} * (sort Seq{ArityEntryElt} to ArityTable, op nil to anil, op cons to acons)
lib/conformance.maude	p3109-conformance-009	src/conformance.jl	family implementation; source guards reviewed	finite source suites; no universal proof	clause=4.4-4.6; page=21-24	unconditional; enclosing sort/membership restrictions apply	P3109-BLOCK-CORE; STRING; P3109-SEQUENCE{FormatElt} * (sort Seq{FormatElt} to FormatSeq, op nil to fnil, op cons to fcons); P3109-SEQUENCE{KappaPartElt} * (sort Seq{KappaPartElt} to KappaPartSeq, op nil to knil, op cons to kcons); P3109-SEQUENCE{CodeSeqElt} * (sort Seq{CodeSeqElt} to PartitionSeq, op nil to pnil, op cons to pcons); P3109-SEQUENCE{DeclarationElt} * (sort Seq{DeclarationElt} to DeclarationSeq, op nil to dnil, op cons to dcons); P3109-SEQUENCE{SpecializationElt} * (sort Seq{SpecializationElt} to SpecializationSeq, op nil to snil, op cons to scons); P3109-CONFORMANCE-DATA; P3109-PREDICATES; P3109-SEQUENCE{ObservationElt} * (sort Seq{ObservationElt} to ObservationSeq, op nil to onil, op cons to ocons); P3109-SEQUENCE{ArityEntryElt} * (sort Seq{ArityEntryElt} to ArityTable, op nil to anil, op cons to acons)
lib/conformance.maude	p3109-conformance-010	src/conformance.jl	family implementation; source guards reviewed	finite source suites; no universal proof	clause=4.4-4.6; page=21-24	unconditional; enclosing sort/membership restrictions apply	P3109-BLOCK-CORE; STRING; P3109-SEQUENCE{FormatElt} * (sort Seq{FormatElt} to FormatSeq, op nil to fnil, op cons to fcons); P3109-SEQUENCE{KappaPartElt} * (sort Seq{KappaPartElt} to KappaPartSeq, op nil to knil, op cons to kcons); P3109-SEQUENCE{CodeSeqElt} * (sort Seq{CodeSeqElt} to PartitionSeq, op nil to pnil, op cons to pcons); P3109-SEQUENCE{DeclarationElt} * (sort Seq{DeclarationElt} to DeclarationSeq, op nil to dnil, op cons to dcons); P3109-SEQUENCE{SpecializationElt} * (sort Seq{SpecializationElt} to SpecializationSeq, op nil to snil, op cons to scons); P3109-CONFORMANCE-DATA; P3109-PREDICATES; P3109-SEQUENCE{ObservationElt} * (sort Seq{ObservationElt} to ObservationSeq, op nil to onil, op cons to ocons); P3109-SEQUENCE{ArityEntryElt} * (sort Seq{ArityEntryElt} to ArityTable, op nil to anil, op cons to acons)
lib/conformance.maude	p3109-conformance-011	src/conformance.jl	family implementation; source guards reviewed	finite source suites; no universal proof	clause=4.4-4.6; page=21-24	unconditional; enclosing sort/membership restrictions apply	P3109-BLOCK-CORE; STRING; P3109-SEQUENCE{FormatElt} * (sort Seq{FormatElt} to FormatSeq, op nil to fnil, op cons to fcons); P3109-SEQUENCE{KappaPartElt} * (sort Seq{KappaPartElt} to KappaPartSeq, op nil to knil, op cons to kcons); P3109-SEQUENCE{CodeSeqElt} * (sort Seq{CodeSeqElt} to PartitionSeq, op nil to pnil, op cons to pcons); P3109-SEQUENCE{DeclarationElt} * (sort Seq{DeclarationElt} to DeclarationSeq, op nil to dnil, op cons to dcons); P3109-SEQUENCE{SpecializationElt} * (sort Seq{SpecializationElt} to SpecializationSeq, op nil to snil, op cons to scons); P3109-CONFORMANCE-DATA; P3109-PREDICATES; P3109-SEQUENCE{ObservationElt} * (sort Seq{ObservationElt} to ObservationSeq, op nil to onil, op cons to ocons); P3109-SEQUENCE{ArityEntryElt} * (sort Seq{ArityEntryElt} to ArityTable, op nil to anil, op cons to acons)
lib/conformance.maude	p3109-conformance-012	src/conformance.jl	family implementation; source guards reviewed	finite source suites; no universal proof	clause=4.4-4.6; page=21-24	unconditional; enclosing sort/membership restrictions apply	P3109-BLOCK-CORE; STRING; P3109-SEQUENCE{FormatElt} * (sort Seq{FormatElt} to FormatSeq, op nil to fnil, op cons to fcons); P3109-SEQUENCE{KappaPartElt} * (sort Seq{KappaPartElt} to KappaPartSeq, op nil to knil, op cons to kcons); P3109-SEQUENCE{CodeSeqElt} * (sort Seq{CodeSeqElt} to PartitionSeq, op nil to pnil, op cons to pcons); P3109-SEQUENCE{DeclarationElt} * (sort Seq{DeclarationElt} to DeclarationSeq, op nil to dnil, op cons to dcons); P3109-SEQUENCE{SpecializationElt} * (sort Seq{SpecializationElt} to SpecializationSeq, op nil to snil, op cons to scons); P3109-CONFORMANCE-DATA; P3109-PREDICATES; P3109-SEQUENCE{ObservationElt} * (sort Seq{ObservationElt} to ObservationSeq, op nil to onil, op cons to ocons); P3109-SEQUENCE{ArityEntryElt} * (sort Seq{ArityEntryElt} to ArityTable, op nil to anil, op cons to acons)
lib/conformance.maude	p3109-conformance-013	src/conformance.jl	family implementation; source guards reviewed	finite source suites; no universal proof	clause=4.4-4.6; page=21-24	unconditional; enclosing sort/membership restrictions apply	P3109-BLOCK-CORE; STRING; P3109-SEQUENCE{FormatElt} * (sort Seq{FormatElt} to FormatSeq, op nil to fnil, op cons to fcons); P3109-SEQUENCE{KappaPartElt} * (sort Seq{KappaPartElt} to KappaPartSeq, op nil to knil, op cons to kcons); P3109-SEQUENCE{CodeSeqElt} * (sort Seq{CodeSeqElt} to PartitionSeq, op nil to pnil, op cons to pcons); P3109-SEQUENCE{DeclarationElt} * (sort Seq{DeclarationElt} to DeclarationSeq, op nil to dnil, op cons to dcons); P3109-SEQUENCE{SpecializationElt} * (sort Seq{SpecializationElt} to SpecializationSeq, op nil to snil, op cons to scons); P3109-CONFORMANCE-DATA; P3109-PREDICATES; P3109-SEQUENCE{ObservationElt} * (sort Seq{ObservationElt} to ObservationSeq, op nil to onil, op cons to ocons); P3109-SEQUENCE{ArityEntryElt} * (sort Seq{ArityEntryElt} to ArityTable, op nil to anil, op cons to acons)
lib/conformance.maude	p3109-conformance-014	src/conformance.jl	family implementation; source guards reviewed	finite source suites; no universal proof	clause=4.4-4.6; page=21-24	unconditional; enclosing sort/membership restrictions apply	P3109-BLOCK-CORE; STRING; P3109-SEQUENCE{FormatElt} * (sort Seq{FormatElt} to FormatSeq, op nil to fnil, op cons to fcons); P3109-SEQUENCE{KappaPartElt} * (sort Seq{KappaPartElt} to KappaPartSeq, op nil to knil, op cons to kcons); P3109-SEQUENCE{CodeSeqElt} * (sort Seq{CodeSeqElt} to PartitionSeq, op nil to pnil, op cons to pcons); P3109-SEQUENCE{DeclarationElt} * (sort Seq{DeclarationElt} to DeclarationSeq, op nil to dnil, op cons to dcons); P3109-SEQUENCE{SpecializationElt} * (sort Seq{SpecializationElt} to SpecializationSeq, op nil to snil, op cons to scons); P3109-CONFORMANCE-DATA; P3109-PREDICATES; P3109-SEQUENCE{ObservationElt} * (sort Seq{ObservationElt} to ObservationSeq, op nil to onil, op cons to ocons); P3109-SEQUENCE{ArityEntryElt} * (sort Seq{ArityEntryElt} to ArityTable, op nil to anil, op cons to acons)
lib/conformance.maude	p3109-conformance-015	src/conformance.jl	family implementation; source guards reviewed	finite source suites; no universal proof	clause=4.4-4.6; page=21-24	unconditional; enclosing sort/membership restrictions apply	P3109-BLOCK-CORE; STRING; P3109-SEQUENCE{FormatElt} * (sort Seq{FormatElt} to FormatSeq, op nil to fnil, op cons to fcons); P3109-SEQUENCE{KappaPartElt} * (sort Seq{KappaPartElt} to KappaPartSeq, op nil to knil, op cons to kcons); P3109-SEQUENCE{CodeSeqElt} * (sort Seq{CodeSeqElt} to PartitionSeq, op nil to pnil, op cons to pcons); P3109-SEQUENCE{DeclarationElt} * (sort Seq{DeclarationElt} to DeclarationSeq, op nil to dnil, op cons to dcons); P3109-SEQUENCE{SpecializationElt} * (sort Seq{SpecializationElt} to SpecializationSeq, op nil to snil, op cons to scons); P3109-CONFORMANCE-DATA; P3109-PREDICATES; P3109-SEQUENCE{ObservationElt} * (sort Seq{ObservationElt} to ObservationSeq, op nil to onil, op cons to ocons); P3109-SEQUENCE{ArityEntryElt} * (sort Seq{ArityEntryElt} to ArityTable, op nil to anil, op cons to acons)
lib/conformance.maude	p3109-conformance-016	src/conformance.jl	family implementation; source guards reviewed	finite source suites; no universal proof	clause=4.4-4.6; page=21-24	unconditional; enclosing sort/membership restrictions apply	P3109-BLOCK-CORE; STRING; P3109-SEQUENCE{FormatElt} * (sort Seq{FormatElt} to FormatSeq, op nil to fnil, op cons to fcons); P3109-SEQUENCE{KappaPartElt} * (sort Seq{KappaPartElt} to KappaPartSeq, op nil to knil, op cons to kcons); P3109-SEQUENCE{CodeSeqElt} * (sort Seq{CodeSeqElt} to PartitionSeq, op nil to pnil, op cons to pcons); P3109-SEQUENCE{DeclarationElt} * (sort Seq{DeclarationElt} to DeclarationSeq, op nil to dnil, op cons to dcons); P3109-SEQUENCE{SpecializationElt} * (sort Seq{SpecializationElt} to SpecializationSeq, op nil to snil, op cons to scons); P3109-CONFORMANCE-DATA; P3109-PREDICATES; P3109-SEQUENCE{ObservationElt} * (sort Seq{ObservationElt} to ObservationSeq, op nil to onil, op cons to ocons); P3109-SEQUENCE{ArityEntryElt} * (sort Seq{ArityEntryElt} to ArityTable, op nil to anil, op cons to acons)
lib/conformance.maude	p3109-conformance-017	src/conformance.jl	family implementation; source guards reviewed	finite source suites; no universal proof	clause=4.4-4.6; page=21-24	unconditional; enclosing sort/membership restrictions apply	P3109-BLOCK-CORE; STRING; P3109-SEQUENCE{FormatElt} * (sort Seq{FormatElt} to FormatSeq, op nil to fnil, op cons to fcons); P3109-SEQUENCE{KappaPartElt} * (sort Seq{KappaPartElt} to KappaPartSeq, op nil to knil, op cons to kcons); P3109-SEQUENCE{CodeSeqElt} * (sort Seq{CodeSeqElt} to PartitionSeq, op nil to pnil, op cons to pcons); P3109-SEQUENCE{DeclarationElt} * (sort Seq{DeclarationElt} to DeclarationSeq, op nil to dnil, op cons to dcons); P3109-SEQUENCE{SpecializationElt} * (sort Seq{SpecializationElt} to SpecializationSeq, op nil to snil, op cons to scons); P3109-CONFORMANCE-DATA; P3109-PREDICATES; P3109-SEQUENCE{ObservationElt} * (sort Seq{ObservationElt} to ObservationSeq, op nil to onil, op cons to ocons); P3109-SEQUENCE{ArityEntryElt} * (sort Seq{ArityEntryElt} to ArityTable, op nil to anil, op cons to acons)
lib/conformance.maude	p3109-conformance-018	src/conformance.jl	family implementation; source guards reviewed	finite source suites; no universal proof	clause=4.4-4.6; page=21-24	unconditional; enclosing sort/membership restrictions apply	P3109-BLOCK-CORE; STRING; P3109-SEQUENCE{FormatElt} * (sort Seq{FormatElt} to FormatSeq, op nil to fnil, op cons to fcons); P3109-SEQUENCE{KappaPartElt} * (sort Seq{KappaPartElt} to KappaPartSeq, op nil to knil, op cons to kcons); P3109-SEQUENCE{CodeSeqElt} * (sort Seq{CodeSeqElt} to PartitionSeq, op nil to pnil, op cons to pcons); P3109-SEQUENCE{DeclarationElt} * (sort Seq{DeclarationElt} to DeclarationSeq, op nil to dnil, op cons to dcons); P3109-SEQUENCE{SpecializationElt} * (sort Seq{SpecializationElt} to SpecializationSeq, op nil to snil, op cons to scons); P3109-CONFORMANCE-DATA; P3109-PREDICATES; P3109-SEQUENCE{ObservationElt} * (sort Seq{ObservationElt} to ObservationSeq, op nil to onil, op cons to ocons); P3109-SEQUENCE{ArityEntryElt} * (sort Seq{ArityEntryElt} to ArityTable, op nil to anil, op cons to acons)
lib/conformance.maude	p3109-conformance-019	src/conformance.jl	family implementation; source guards reviewed	finite source suites; no universal proof	clause=4.4-4.6; page=21-24	length(FS) < 2 or length(FS) > 5	P3109-BLOCK-CORE; STRING; P3109-SEQUENCE{FormatElt} * (sort Seq{FormatElt} to FormatSeq, op nil to fnil, op cons to fcons); P3109-SEQUENCE{KappaPartElt} * (sort Seq{KappaPartElt} to KappaPartSeq, op nil to knil, op cons to kcons); P3109-SEQUENCE{CodeSeqElt} * (sort Seq{CodeSeqElt} to PartitionSeq, op nil to pnil, op cons to pcons); P3109-SEQUENCE{DeclarationElt} * (sort Seq{DeclarationElt} to DeclarationSeq, op nil to dnil, op cons to dcons); P3109-SEQUENCE{SpecializationElt} * (sort Seq{SpecializationElt} to SpecializationSeq, op nil to snil, op cons to scons); P3109-CONFORMANCE-DATA; P3109-PREDICATES; P3109-SEQUENCE{ObservationElt} * (sort Seq{ObservationElt} to ObservationSeq, op nil to onil, op cons to ocons); P3109-SEQUENCE{ArityEntryElt} * (sort Seq{ArityEntryElt} to ArityTable, op nil to anil, op cons to acons)
lib/conformance.maude	p3109-conformance-020	src/conformance.jl	family implementation; source guards reviewed	finite source suites; no universal proof	clause=4.4-4.6; page=21-24	unconditional; enclosing sort/membership restrictions apply	P3109-BLOCK-CORE; STRING; P3109-SEQUENCE{FormatElt} * (sort Seq{FormatElt} to FormatSeq, op nil to fnil, op cons to fcons); P3109-SEQUENCE{KappaPartElt} * (sort Seq{KappaPartElt} to KappaPartSeq, op nil to knil, op cons to kcons); P3109-SEQUENCE{CodeSeqElt} * (sort Seq{CodeSeqElt} to PartitionSeq, op nil to pnil, op cons to pcons); P3109-SEQUENCE{DeclarationElt} * (sort Seq{DeclarationElt} to DeclarationSeq, op nil to dnil, op cons to dcons); P3109-SEQUENCE{SpecializationElt} * (sort Seq{SpecializationElt} to SpecializationSeq, op nil to snil, op cons to scons); P3109-CONFORMANCE-DATA; P3109-PREDICATES; P3109-SEQUENCE{ObservationElt} * (sort Seq{ObservationElt} to ObservationSeq, op nil to onil, op cons to ocons); P3109-SEQUENCE{ArityEntryElt} * (sort Seq{ArityEntryElt} to ArityTable, op nil to anil, op cons to acons)
lib/conformance.maude	p3109-conformance-021	src/conformance.jl	family implementation; source guards reviewed	finite source suites; no universal proof	clause=4.4-4.6; page=21-24	unconditional; enclosing sort/membership restrictions apply	P3109-BLOCK-CORE; STRING; P3109-SEQUENCE{FormatElt} * (sort Seq{FormatElt} to FormatSeq, op nil to fnil, op cons to fcons); P3109-SEQUENCE{KappaPartElt} * (sort Seq{KappaPartElt} to KappaPartSeq, op nil to knil, op cons to kcons); P3109-SEQUENCE{CodeSeqElt} * (sort Seq{CodeSeqElt} to PartitionSeq, op nil to pnil, op cons to pcons); P3109-SEQUENCE{DeclarationElt} * (sort Seq{DeclarationElt} to DeclarationSeq, op nil to dnil, op cons to dcons); P3109-SEQUENCE{SpecializationElt} * (sort Seq{SpecializationElt} to SpecializationSeq, op nil to snil, op cons to scons); P3109-CONFORMANCE-DATA; P3109-PREDICATES; P3109-SEQUENCE{ObservationElt} * (sort Seq{ObservationElt} to ObservationSeq, op nil to onil, op cons to ocons); P3109-SEQUENCE{ArityEntryElt} * (sort Seq{ArityEntryElt} to ArityTable, op nil to anil, op cons to acons)
lib/conformance.maude	p3109-conformance-022	src/conformance.jl	family implementation; source guards reviewed	finite source suites; no universal proof	clause=4.4-4.6; page=21-24	length(FS) < 1 or length(FS) > 2	P3109-BLOCK-CORE; STRING; P3109-SEQUENCE{FormatElt} * (sort Seq{FormatElt} to FormatSeq, op nil to fnil, op cons to fcons); P3109-SEQUENCE{KappaPartElt} * (sort Seq{KappaPartElt} to KappaPartSeq, op nil to knil, op cons to kcons); P3109-SEQUENCE{CodeSeqElt} * (sort Seq{CodeSeqElt} to PartitionSeq, op nil to pnil, op cons to pcons); P3109-SEQUENCE{DeclarationElt} * (sort Seq{DeclarationElt} to DeclarationSeq, op nil to dnil, op cons to dcons); P3109-SEQUENCE{SpecializationElt} * (sort Seq{SpecializationElt} to SpecializationSeq, op nil to snil, op cons to scons); P3109-CONFORMANCE-DATA; P3109-PREDICATES; P3109-SEQUENCE{ObservationElt} * (sort Seq{ObservationElt} to ObservationSeq, op nil to onil, op cons to ocons); P3109-SEQUENCE{ArityEntryElt} * (sort Seq{ArityEntryElt} to ArityTable, op nil to anil, op cons to acons)
lib/conformance.maude	p3109-conformance-023	src/conformance.jl	family implementation; source guards reviewed	finite source suites; no universal proof	clause=4.4-4.6; page=21-24	unconditional; enclosing sort/membership restrictions apply	P3109-BLOCK-CORE; STRING; P3109-SEQUENCE{FormatElt} * (sort Seq{FormatElt} to FormatSeq, op nil to fnil, op cons to fcons); P3109-SEQUENCE{KappaPartElt} * (sort Seq{KappaPartElt} to KappaPartSeq, op nil to knil, op cons to kcons); P3109-SEQUENCE{CodeSeqElt} * (sort Seq{CodeSeqElt} to PartitionSeq, op nil to pnil, op cons to pcons); P3109-SEQUENCE{DeclarationElt} * (sort Seq{DeclarationElt} to DeclarationSeq, op nil to dnil, op cons to dcons); P3109-SEQUENCE{SpecializationElt} * (sort Seq{SpecializationElt} to SpecializationSeq, op nil to snil, op cons to scons); P3109-CONFORMANCE-DATA; P3109-PREDICATES; P3109-SEQUENCE{ObservationElt} * (sort Seq{ObservationElt} to ObservationSeq, op nil to onil, op cons to ocons); P3109-SEQUENCE{ArityEntryElt} * (sort Seq{ArityEntryElt} to ArityTable, op nil to anil, op cons to acons)
lib/conformance.maude	p3109-conformance-024	src/conformance.jl	family implementation; source guards reviewed	finite source suites; no universal proof	clause=4.4-4.6; page=21-24	unconditional; enclosing sort/membership restrictions apply	P3109-BLOCK-CORE; STRING; P3109-SEQUENCE{FormatElt} * (sort Seq{FormatElt} to FormatSeq, op nil to fnil, op cons to fcons); P3109-SEQUENCE{KappaPartElt} * (sort Seq{KappaPartElt} to KappaPartSeq, op nil to knil, op cons to kcons); P3109-SEQUENCE{CodeSeqElt} * (sort Seq{CodeSeqElt} to PartitionSeq, op nil to pnil, op cons to pcons); P3109-SEQUENCE{DeclarationElt} * (sort Seq{DeclarationElt} to DeclarationSeq, op nil to dnil, op cons to dcons); P3109-SEQUENCE{SpecializationElt} * (sort Seq{SpecializationElt} to SpecializationSeq, op nil to snil, op cons to scons); P3109-CONFORMANCE-DATA; P3109-PREDICATES; P3109-SEQUENCE{ObservationElt} * (sort Seq{ObservationElt} to ObservationSeq, op nil to onil, op cons to ocons); P3109-SEQUENCE{ArityEntryElt} * (sort Seq{ArityEntryElt} to ArityTable, op nil to anil, op cons to acons)
lib/conformance.maude	p3109-conformance-025	src/conformance.jl	family implementation; source guards reviewed	finite source suites; no universal proof	clause=4.4-4.6; page=21-24	unconditional; enclosing sort/membership restrictions apply	P3109-BLOCK-CORE; STRING; P3109-SEQUENCE{FormatElt} * (sort Seq{FormatElt} to FormatSeq, op nil to fnil, op cons to fcons); P3109-SEQUENCE{KappaPartElt} * (sort Seq{KappaPartElt} to KappaPartSeq, op nil to knil, op cons to kcons); P3109-SEQUENCE{CodeSeqElt} * (sort Seq{CodeSeqElt} to PartitionSeq, op nil to pnil, op cons to pcons); P3109-SEQUENCE{DeclarationElt} * (sort Seq{DeclarationElt} to DeclarationSeq, op nil to dnil, op cons to dcons); P3109-SEQUENCE{SpecializationElt} * (sort Seq{SpecializationElt} to SpecializationSeq, op nil to snil, op cons to scons); P3109-CONFORMANCE-DATA; P3109-PREDICATES; P3109-SEQUENCE{ObservationElt} * (sort Seq{ObservationElt} to ObservationSeq, op nil to onil, op cons to ocons); P3109-SEQUENCE{ArityEntryElt} * (sort Seq{ArityEntryElt} to ArityTable, op nil to anil, op cons to acons)
lib/conformance.maude	p3109-conformance-026	src/conformance.jl	family implementation; source guards reviewed	finite source suites; no universal proof	clause=4.4-4.6; page=21-24	unconditional; enclosing sort/membership restrictions apply	P3109-BLOCK-CORE; STRING; P3109-SEQUENCE{FormatElt} * (sort Seq{FormatElt} to FormatSeq, op nil to fnil, op cons to fcons); P3109-SEQUENCE{KappaPartElt} * (sort Seq{KappaPartElt} to KappaPartSeq, op nil to knil, op cons to kcons); P3109-SEQUENCE{CodeSeqElt} * (sort Seq{CodeSeqElt} to PartitionSeq, op nil to pnil, op cons to pcons); P3109-SEQUENCE{DeclarationElt} * (sort Seq{DeclarationElt} to DeclarationSeq, op nil to dnil, op cons to dcons); P3109-SEQUENCE{SpecializationElt} * (sort Seq{SpecializationElt} to SpecializationSeq, op nil to snil, op cons to scons); P3109-CONFORMANCE-DATA; P3109-PREDICATES; P3109-SEQUENCE{ObservationElt} * (sort Seq{ObservationElt} to ObservationSeq, op nil to onil, op cons to ocons); P3109-SEQUENCE{ArityEntryElt} * (sort Seq{ArityEntryElt} to ArityTable, op nil to anil, op cons to acons)
lib/conformance.maude	p3109-conformance-027	src/conformance.jl	family implementation; source guards reviewed	finite source suites; no universal proof	clause=4.4-4.6; page=21-24	unconditional; enclosing sort/membership restrictions apply	P3109-BLOCK-CORE; STRING; P3109-SEQUENCE{FormatElt} * (sort Seq{FormatElt} to FormatSeq, op nil to fnil, op cons to fcons); P3109-SEQUENCE{KappaPartElt} * (sort Seq{KappaPartElt} to KappaPartSeq, op nil to knil, op cons to kcons); P3109-SEQUENCE{CodeSeqElt} * (sort Seq{CodeSeqElt} to PartitionSeq, op nil to pnil, op cons to pcons); P3109-SEQUENCE{DeclarationElt} * (sort Seq{DeclarationElt} to DeclarationSeq, op nil to dnil, op cons to dcons); P3109-SEQUENCE{SpecializationElt} * (sort Seq{SpecializationElt} to SpecializationSeq, op nil to snil, op cons to scons); P3109-CONFORMANCE-DATA; P3109-PREDICATES; P3109-SEQUENCE{ObservationElt} * (sort Seq{ObservationElt} to ObservationSeq, op nil to onil, op cons to ocons); P3109-SEQUENCE{ArityEntryElt} * (sort Seq{ArityEntryElt} to ArityTable, op nil to anil, op cons to acons)
lib/conformance.maude	p3109-conformance-028	src/conformance.jl	family implementation; source guards reviewed	finite source suites; no universal proof	clause=4.4-4.6; page=21-24	unconditional; enclosing sort/membership restrictions apply	P3109-BLOCK-CORE; STRING; P3109-SEQUENCE{FormatElt} * (sort Seq{FormatElt} to FormatSeq, op nil to fnil, op cons to fcons); P3109-SEQUENCE{KappaPartElt} * (sort Seq{KappaPartElt} to KappaPartSeq, op nil to knil, op cons to kcons); P3109-SEQUENCE{CodeSeqElt} * (sort Seq{CodeSeqElt} to PartitionSeq, op nil to pnil, op cons to pcons); P3109-SEQUENCE{DeclarationElt} * (sort Seq{DeclarationElt} to DeclarationSeq, op nil to dnil, op cons to dcons); P3109-SEQUENCE{SpecializationElt} * (sort Seq{SpecializationElt} to SpecializationSeq, op nil to snil, op cons to scons); P3109-CONFORMANCE-DATA; P3109-PREDICATES; P3109-SEQUENCE{ObservationElt} * (sort Seq{ObservationElt} to ObservationSeq, op nil to onil, op cons to ocons); P3109-SEQUENCE{ArityEntryElt} * (sort Seq{ArityEntryElt} to ArityTable, op nil to anil, op cons to acons)
lib/conformance.maude	p3109-conformance-033	src/conformance.jl	family implementation; source guards reviewed	finite source suites; no universal proof	clause=4.4-4.6; page=21-24	unconditional; enclosing sort/membership restrictions apply	P3109-BLOCK-CORE; STRING; P3109-SEQUENCE{FormatElt} * (sort Seq{FormatElt} to FormatSeq, op nil to fnil, op cons to fcons); P3109-SEQUENCE{KappaPartElt} * (sort Seq{KappaPartElt} to KappaPartSeq, op nil to knil, op cons to kcons); P3109-SEQUENCE{CodeSeqElt} * (sort Seq{CodeSeqElt} to PartitionSeq, op nil to pnil, op cons to pcons); P3109-SEQUENCE{DeclarationElt} * (sort Seq{DeclarationElt} to DeclarationSeq, op nil to dnil, op cons to dcons); P3109-SEQUENCE{SpecializationElt} * (sort Seq{SpecializationElt} to SpecializationSeq, op nil to snil, op cons to scons); P3109-CONFORMANCE-DATA; P3109-PREDICATES; P3109-SEQUENCE{ObservationElt} * (sort Seq{ObservationElt} to ObservationSeq, op nil to onil, op cons to ocons); P3109-SEQUENCE{ArityEntryElt} * (sort Seq{ArityEntryElt} to ArityTable, op nil to anil, op cons to acons)
lib/conformance.maude	p3109-conformance-034	src/conformance.jl	family implementation; source guards reviewed	finite source suites; no universal proof	clause=4.4-4.6; page=21-24	unconditional; enclosing sort/membership restrictions apply	P3109-BLOCK-CORE; STRING; P3109-SEQUENCE{FormatElt} * (sort Seq{FormatElt} to FormatSeq, op nil to fnil, op cons to fcons); P3109-SEQUENCE{KappaPartElt} * (sort Seq{KappaPartElt} to KappaPartSeq, op nil to knil, op cons to kcons); P3109-SEQUENCE{CodeSeqElt} * (sort Seq{CodeSeqElt} to PartitionSeq, op nil to pnil, op cons to pcons); P3109-SEQUENCE{DeclarationElt} * (sort Seq{DeclarationElt} to DeclarationSeq, op nil to dnil, op cons to dcons); P3109-SEQUENCE{SpecializationElt} * (sort Seq{SpecializationElt} to SpecializationSeq, op nil to snil, op cons to scons); P3109-CONFORMANCE-DATA; P3109-PREDICATES; P3109-SEQUENCE{ObservationElt} * (sort Seq{ObservationElt} to ObservationSeq, op nil to onil, op cons to ocons); P3109-SEQUENCE{ArityEntryElt} * (sort Seq{ArityEntryElt} to ArityTable, op nil to anil, op cons to acons)
lib/conformance.maude	p3109-conformance-035	src/conformance.jl	family implementation; source guards reviewed	finite source suites; no universal proof	clause=4.4-4.6; page=21-24	unconditional; enclosing sort/membership restrictions apply	P3109-BLOCK-CORE; STRING; P3109-SEQUENCE{FormatElt} * (sort Seq{FormatElt} to FormatSeq, op nil to fnil, op cons to fcons); P3109-SEQUENCE{KappaPartElt} * (sort Seq{KappaPartElt} to KappaPartSeq, op nil to knil, op cons to kcons); P3109-SEQUENCE{CodeSeqElt} * (sort Seq{CodeSeqElt} to PartitionSeq, op nil to pnil, op cons to pcons); P3109-SEQUENCE{DeclarationElt} * (sort Seq{DeclarationElt} to DeclarationSeq, op nil to dnil, op cons to dcons); P3109-SEQUENCE{SpecializationElt} * (sort Seq{SpecializationElt} to SpecializationSeq, op nil to snil, op cons to scons); P3109-CONFORMANCE-DATA; P3109-PREDICATES; P3109-SEQUENCE{ObservationElt} * (sort Seq{ObservationElt} to ObservationSeq, op nil to onil, op cons to ocons); P3109-SEQUENCE{ArityEntryElt} * (sort Seq{ArityEntryElt} to ArityTable, op nil to anil, op cons to acons)
lib/conformance.maude	p3109-conformance-036	src/conformance.jl	family implementation; source guards reviewed	finite source suites; no universal proof	clause=4.4-4.6; page=21-24	unconditional; enclosing sort/membership restrictions apply	P3109-BLOCK-CORE; STRING; P3109-SEQUENCE{FormatElt} * (sort Seq{FormatElt} to FormatSeq, op nil to fnil, op cons to fcons); P3109-SEQUENCE{KappaPartElt} * (sort Seq{KappaPartElt} to KappaPartSeq, op nil to knil, op cons to kcons); P3109-SEQUENCE{CodeSeqElt} * (sort Seq{CodeSeqElt} to PartitionSeq, op nil to pnil, op cons to pcons); P3109-SEQUENCE{DeclarationElt} * (sort Seq{DeclarationElt} to DeclarationSeq, op nil to dnil, op cons to dcons); P3109-SEQUENCE{SpecializationElt} * (sort Seq{SpecializationElt} to SpecializationSeq, op nil to snil, op cons to scons); P3109-CONFORMANCE-DATA; P3109-PREDICATES; P3109-SEQUENCE{ObservationElt} * (sort Seq{ObservationElt} to ObservationSeq, op nil to onil, op cons to ocons); P3109-SEQUENCE{ArityEntryElt} * (sort Seq{ArityEntryElt} to ArityTable, op nil to anil, op cons to acons)
lib/conformance.maude	p3109-conformance-037	src/conformance.jl	family implementation; source guards reviewed	finite source suites; no universal proof	clause=4.4-4.6; page=21-24	validCode(F, C) /\ internalFormat(F) /\ IsFinite(F, C) /\ SignednessOf(F) == Unsigned	P3109-BLOCK-CORE; STRING; P3109-SEQUENCE{FormatElt} * (sort Seq{FormatElt} to FormatSeq, op nil to fnil, op cons to fcons); P3109-SEQUENCE{KappaPartElt} * (sort Seq{KappaPartElt} to KappaPartSeq, op nil to knil, op cons to kcons); P3109-SEQUENCE{CodeSeqElt} * (sort Seq{CodeSeqElt} to PartitionSeq, op nil to pnil, op cons to pcons); P3109-SEQUENCE{DeclarationElt} * (sort Seq{DeclarationElt} to DeclarationSeq, op nil to dnil, op cons to dcons); P3109-SEQUENCE{SpecializationElt} * (sort Seq{SpecializationElt} to SpecializationSeq, op nil to snil, op cons to scons); P3109-CONFORMANCE-DATA; P3109-PREDICATES; P3109-SEQUENCE{ObservationElt} * (sort Seq{ObservationElt} to ObservationSeq, op nil to onil, op cons to ocons); P3109-SEQUENCE{ArityEntryElt} * (sort Seq{ArityEntryElt} to ArityTable, op nil to anil, op cons to acons)
lib/conformance.maude	p3109-conformance-038	src/conformance.jl	family implementation; source guards reviewed	finite source suites; no universal proof	clause=4.4-4.6; page=21-24	validCode(F, C) /\ internalFormat(F) /\ IsFinite(F, C) /\ SignednessOf(F) == Signed /\ not IsSignMinus(F, C)	P3109-BLOCK-CORE; STRING; P3109-SEQUENCE{FormatElt} * (sort Seq{FormatElt} to FormatSeq, op nil to fnil, op cons to fcons); P3109-SEQUENCE{KappaPartElt} * (sort Seq{KappaPartElt} to KappaPartSeq, op nil to knil, op cons to kcons); P3109-SEQUENCE{CodeSeqElt} * (sort Seq{CodeSeqElt} to PartitionSeq, op nil to pnil, op cons to pcons); P3109-SEQUENCE{DeclarationElt} * (sort Seq{DeclarationElt} to DeclarationSeq, op nil to dnil, op cons to dcons); P3109-SEQUENCE{SpecializationElt} * (sort Seq{SpecializationElt} to SpecializationSeq, op nil to snil, op cons to scons); P3109-CONFORMANCE-DATA; P3109-PREDICATES; P3109-SEQUENCE{ObservationElt} * (sort Seq{ObservationElt} to ObservationSeq, op nil to onil, op cons to ocons); P3109-SEQUENCE{ArityEntryElt} * (sort Seq{ArityEntryElt} to ArityTable, op nil to anil, op cons to acons)
lib/conformance.maude	p3109-conformance-039	src/conformance.jl	family implementation; source guards reviewed	finite source suites; no universal proof	clause=4.4-4.6; page=21-24	validCode(F, C) /\ internalFormat(F) /\ IsFinite(F, C) /\ IsSignMinus(F, C)	P3109-BLOCK-CORE; STRING; P3109-SEQUENCE{FormatElt} * (sort Seq{FormatElt} to FormatSeq, op nil to fnil, op cons to fcons); P3109-SEQUENCE{KappaPartElt} * (sort Seq{KappaPartElt} to KappaPartSeq, op nil to knil, op cons to kcons); P3109-SEQUENCE{CodeSeqElt} * (sort Seq{CodeSeqElt} to PartitionSeq, op nil to pnil, op cons to pcons); P3109-SEQUENCE{DeclarationElt} * (sort Seq{DeclarationElt} to DeclarationSeq, op nil to dnil, op cons to dcons); P3109-SEQUENCE{SpecializationElt} * (sort Seq{SpecializationElt} to SpecializationSeq, op nil to snil, op cons to scons); P3109-CONFORMANCE-DATA; P3109-PREDICATES; P3109-SEQUENCE{ObservationElt} * (sort Seq{ObservationElt} to ObservationSeq, op nil to onil, op cons to ocons); P3109-SEQUENCE{ArityEntryElt} * (sort Seq{ArityEntryElt} to ArityTable, op nil to anil, op cons to acons)
lib/conformance.maude	p3109-conformance-040	src/conformance.jl	family implementation; source guards reviewed	finite source suites; no universal proof	clause=4.4-4.6; page=21-24	validCode(F, C) /\ validCode(F, D) /\ IsNaN(F, C) =/= IsNaN(F, D)	P3109-BLOCK-CORE; STRING; P3109-SEQUENCE{FormatElt} * (sort Seq{FormatElt} to FormatSeq, op nil to fnil, op cons to fcons); P3109-SEQUENCE{KappaPartElt} * (sort Seq{KappaPartElt} to KappaPartSeq, op nil to knil, op cons to kcons); P3109-SEQUENCE{CodeSeqElt} * (sort Seq{CodeSeqElt} to PartitionSeq, op nil to pnil, op cons to pcons); P3109-SEQUENCE{DeclarationElt} * (sort Seq{DeclarationElt} to DeclarationSeq, op nil to dnil, op cons to dcons); P3109-SEQUENCE{SpecializationElt} * (sort Seq{SpecializationElt} to SpecializationSeq, op nil to snil, op cons to scons); P3109-CONFORMANCE-DATA; P3109-PREDICATES; P3109-SEQUENCE{ObservationElt} * (sort Seq{ObservationElt} to ObservationSeq, op nil to onil, op cons to ocons); P3109-SEQUENCE{ArityEntryElt} * (sort Seq{ArityEntryElt} to ArityTable, op nil to anil, op cons to acons)
lib/conformance.maude	p3109-conformance-041	src/conformance.jl	family implementation; source guards reviewed	finite source suites; no universal proof	clause=4.4-4.6; page=21-24	validCode(F, C) /\ validCode(F, D) /\ IsNaN(F, C) /\ IsNaN(F, D)	P3109-BLOCK-CORE; STRING; P3109-SEQUENCE{FormatElt} * (sort Seq{FormatElt} to FormatSeq, op nil to fnil, op cons to fcons); P3109-SEQUENCE{KappaPartElt} * (sort Seq{KappaPartElt} to KappaPartSeq, op nil to knil, op cons to kcons); P3109-SEQUENCE{CodeSeqElt} * (sort Seq{CodeSeqElt} to PartitionSeq, op nil to pnil, op cons to pcons); P3109-SEQUENCE{DeclarationElt} * (sort Seq{DeclarationElt} to DeclarationSeq, op nil to dnil, op cons to dcons); P3109-SEQUENCE{SpecializationElt} * (sort Seq{SpecializationElt} to SpecializationSeq, op nil to snil, op cons to scons); P3109-CONFORMANCE-DATA; P3109-PREDICATES; P3109-SEQUENCE{ObservationElt} * (sort Seq{ObservationElt} to ObservationSeq, op nil to onil, op cons to ocons); P3109-SEQUENCE{ArityEntryElt} * (sort Seq{ArityEntryElt} to ArityTable, op nil to anil, op cons to acons)
lib/conformance.maude	p3109-conformance-042	src/conformance.jl	family implementation; source guards reviewed	finite source suites; no universal proof	clause=4.4-4.6; page=21-24	validCode(F, C) /\ validCode(F, D) /\ IsInfinite(F, C) /\ IsInfinite(F, D) /\ IsSignMinus(F, C) == IsSignMinus(F, D)	P3109-BLOCK-CORE; STRING; P3109-SEQUENCE{FormatElt} * (sort Seq{FormatElt} to FormatSeq, op nil to fnil, op cons to fcons); P3109-SEQUENCE{KappaPartElt} * (sort Seq{KappaPartElt} to KappaPartSeq, op nil to knil, op cons to kcons); P3109-SEQUENCE{CodeSeqElt} * (sort Seq{CodeSeqElt} to PartitionSeq, op nil to pnil, op cons to pcons); P3109-SEQUENCE{DeclarationElt} * (sort Seq{DeclarationElt} to DeclarationSeq, op nil to dnil, op cons to dcons); P3109-SEQUENCE{SpecializationElt} * (sort Seq{SpecializationElt} to SpecializationSeq, op nil to snil, op cons to scons); P3109-CONFORMANCE-DATA; P3109-PREDICATES; P3109-SEQUENCE{ObservationElt} * (sort Seq{ObservationElt} to ObservationSeq, op nil to onil, op cons to ocons); P3109-SEQUENCE{ArityEntryElt} * (sort Seq{ArityEntryElt} to ArityTable, op nil to anil, op cons to acons)
lib/conformance.maude	p3109-conformance-043	src/conformance.jl	family implementation; source guards reviewed	finite source suites; no universal proof	clause=4.4-4.6; page=21-24	validCode(F, C) /\ validCode(F, D) /\ not IsNaN(F, C) /\ not IsNaN(F, D) /\ (IsInfinite(F, C) or IsInfinite(F, D)) /\ not (IsInfinite(F, C) and IsInfinite(F, D) and IsSignMinus(F, C) == IsSignMinus(F, D))	P3109-BLOCK-CORE; STRING; P3109-SEQUENCE{FormatElt} * (sort Seq{FormatElt} to FormatSeq, op nil to fnil, op cons to fcons); P3109-SEQUENCE{KappaPartElt} * (sort Seq{KappaPartElt} to KappaPartSeq, op nil to knil, op cons to kcons); P3109-SEQUENCE{CodeSeqElt} * (sort Seq{CodeSeqElt} to PartitionSeq, op nil to pnil, op cons to pcons); P3109-SEQUENCE{DeclarationElt} * (sort Seq{DeclarationElt} to DeclarationSeq, op nil to dnil, op cons to dcons); P3109-SEQUENCE{SpecializationElt} * (sort Seq{SpecializationElt} to SpecializationSeq, op nil to snil, op cons to scons); P3109-CONFORMANCE-DATA; P3109-PREDICATES; P3109-SEQUENCE{ObservationElt} * (sort Seq{ObservationElt} to ObservationSeq, op nil to onil, op cons to ocons); P3109-SEQUENCE{ArityEntryElt} * (sort Seq{ArityEntryElt} to ArityTable, op nil to anil, op cons to acons)
lib/conformance.maude	p3109-conformance-044	src/conformance.jl	family implementation; source guards reviewed	finite source suites; no universal proof	clause=4.4-4.6; page=21-24	validCode(F, C) /\ validCode(F, D) /\ IsFinite(F, C) /\ IsFinite(F, D)	P3109-BLOCK-CORE; STRING; P3109-SEQUENCE{FormatElt} * (sort Seq{FormatElt} to FormatSeq, op nil to fnil, op cons to fcons); P3109-SEQUENCE{KappaPartElt} * (sort Seq{KappaPartElt} to KappaPartSeq, op nil to knil, op cons to kcons); P3109-SEQUENCE{CodeSeqElt} * (sort Seq{CodeSeqElt} to PartitionSeq, op nil to pnil, op cons to pcons); P3109-SEQUENCE{DeclarationElt} * (sort Seq{DeclarationElt} to DeclarationSeq, op nil to dnil, op cons to dcons); P3109-SEQUENCE{SpecializationElt} * (sort Seq{SpecializationElt} to SpecializationSeq, op nil to snil, op cons to scons); P3109-CONFORMANCE-DATA; P3109-PREDICATES; P3109-SEQUENCE{ObservationElt} * (sort Seq{ObservationElt} to ObservationSeq, op nil to onil, op cons to ocons); P3109-SEQUENCE{ArityEntryElt} * (sort Seq{ArityEntryElt} to ArityTable, op nil to anil, op cons to acons)
lib/conformance.maude	p3109-conformance-045	src/conformance.jl	family implementation; source guards reviewed	finite source suites; no universal proof	clause=4.4-4.6; page=21-24	unconditional; enclosing sort/membership restrictions apply	P3109-BLOCK-CORE; STRING; P3109-SEQUENCE{FormatElt} * (sort Seq{FormatElt} to FormatSeq, op nil to fnil, op cons to fcons); P3109-SEQUENCE{KappaPartElt} * (sort Seq{KappaPartElt} to KappaPartSeq, op nil to knil, op cons to kcons); P3109-SEQUENCE{CodeSeqElt} * (sort Seq{CodeSeqElt} to PartitionSeq, op nil to pnil, op cons to pcons); P3109-SEQUENCE{DeclarationElt} * (sort Seq{DeclarationElt} to DeclarationSeq, op nil to dnil, op cons to dcons); P3109-SEQUENCE{SpecializationElt} * (sort Seq{SpecializationElt} to SpecializationSeq, op nil to snil, op cons to scons); P3109-CONFORMANCE-DATA; P3109-PREDICATES; P3109-SEQUENCE{ObservationElt} * (sort Seq{ObservationElt} to ObservationSeq, op nil to onil, op cons to ocons); P3109-SEQUENCE{ArityEntryElt} * (sort Seq{ArityEntryElt} to ArityTable, op nil to anil, op cons to acons)
lib/conformance.maude	p3109-conformance-046	src/conformance.jl	family implementation; source guards reviewed	finite source suites; no universal proof	clause=4.4-4.6; page=21-24	unconditional; enclosing sort/membership restrictions apply	P3109-BLOCK-CORE; STRING; P3109-SEQUENCE{FormatElt} * (sort Seq{FormatElt} to FormatSeq, op nil to fnil, op cons to fcons); P3109-SEQUENCE{KappaPartElt} * (sort Seq{KappaPartElt} to KappaPartSeq, op nil to knil, op cons to kcons); P3109-SEQUENCE{CodeSeqElt} * (sort Seq{CodeSeqElt} to PartitionSeq, op nil to pnil, op cons to pcons); P3109-SEQUENCE{DeclarationElt} * (sort Seq{DeclarationElt} to DeclarationSeq, op nil to dnil, op cons to dcons); P3109-SEQUENCE{SpecializationElt} * (sort Seq{SpecializationElt} to SpecializationSeq, op nil to snil, op cons to scons); P3109-CONFORMANCE-DATA; P3109-PREDICATES; P3109-SEQUENCE{ObservationElt} * (sort Seq{ObservationElt} to ObservationSeq, op nil to onil, op cons to ocons); P3109-SEQUENCE{ArityEntryElt} * (sort Seq{ArityEntryElt} to ArityTable, op nil to anil, op cons to acons)
lib/conformance.maude	p3109-conformance-047	src/conformance.jl	family implementation; source guards reviewed	finite source suites; no universal proof	clause=4.4-4.6; page=21-24	unconditional; enclosing sort/membership restrictions apply	P3109-BLOCK-CORE; STRING; P3109-SEQUENCE{FormatElt} * (sort Seq{FormatElt} to FormatSeq, op nil to fnil, op cons to fcons); P3109-SEQUENCE{KappaPartElt} * (sort Seq{KappaPartElt} to KappaPartSeq, op nil to knil, op cons to kcons); P3109-SEQUENCE{CodeSeqElt} * (sort Seq{CodeSeqElt} to PartitionSeq, op nil to pnil, op cons to pcons); P3109-SEQUENCE{DeclarationElt} * (sort Seq{DeclarationElt} to DeclarationSeq, op nil to dnil, op cons to dcons); P3109-SEQUENCE{SpecializationElt} * (sort Seq{SpecializationElt} to SpecializationSeq, op nil to snil, op cons to scons); P3109-CONFORMANCE-DATA; P3109-PREDICATES; P3109-SEQUENCE{ObservationElt} * (sort Seq{ObservationElt} to ObservationSeq, op nil to onil, op cons to ocons); P3109-SEQUENCE{ArityEntryElt} * (sort Seq{ArityEntryElt} to ArityTable, op nil to anil, op cons to acons)
lib/conformance.maude	p3109-conformance-048	src/conformance.jl	family implementation; source guards reviewed	finite source suites; no universal proof	clause=4.4-4.6; page=21-24	unconditional; enclosing sort/membership restrictions apply	P3109-BLOCK-CORE; STRING; P3109-SEQUENCE{FormatElt} * (sort Seq{FormatElt} to FormatSeq, op nil to fnil, op cons to fcons); P3109-SEQUENCE{KappaPartElt} * (sort Seq{KappaPartElt} to KappaPartSeq, op nil to knil, op cons to kcons); P3109-SEQUENCE{CodeSeqElt} * (sort Seq{CodeSeqElt} to PartitionSeq, op nil to pnil, op cons to pcons); P3109-SEQUENCE{DeclarationElt} * (sort Seq{DeclarationElt} to DeclarationSeq, op nil to dnil, op cons to dcons); P3109-SEQUENCE{SpecializationElt} * (sort Seq{SpecializationElt} to SpecializationSeq, op nil to snil, op cons to scons); P3109-CONFORMANCE-DATA; P3109-PREDICATES; P3109-SEQUENCE{ObservationElt} * (sort Seq{ObservationElt} to ObservationSeq, op nil to onil, op cons to ocons); P3109-SEQUENCE{ArityEntryElt} * (sort Seq{ArityEntryElt} to ArityTable, op nil to anil, op cons to acons)
lib/conformance.maude	p3109-conformance-049	src/conformance.jl	family implementation; source guards reviewed	finite source suites; no universal proof	clause=4.4-4.6; page=21-24	unconditional; enclosing sort/membership restrictions apply	P3109-BLOCK-CORE; STRING; P3109-SEQUENCE{FormatElt} * (sort Seq{FormatElt} to FormatSeq, op nil to fnil, op cons to fcons); P3109-SEQUENCE{KappaPartElt} * (sort Seq{KappaPartElt} to KappaPartSeq, op nil to knil, op cons to kcons); P3109-SEQUENCE{CodeSeqElt} * (sort Seq{CodeSeqElt} to PartitionSeq, op nil to pnil, op cons to pcons); P3109-SEQUENCE{DeclarationElt} * (sort Seq{DeclarationElt} to DeclarationSeq, op nil to dnil, op cons to dcons); P3109-SEQUENCE{SpecializationElt} * (sort Seq{SpecializationElt} to SpecializationSeq, op nil to snil, op cons to scons); P3109-CONFORMANCE-DATA; P3109-PREDICATES; P3109-SEQUENCE{ObservationElt} * (sort Seq{ObservationElt} to ObservationSeq, op nil to onil, op cons to ocons); P3109-SEQUENCE{ArityEntryElt} * (sort Seq{ArityEntryElt} to ArityTable, op nil to anil, op cons to acons)
lib/conformance.maude	p3109-conformance-050	src/conformance.jl	family implementation; source guards reviewed	finite source suites; no universal proof	clause=4.4-4.6; page=21-24	unconditional; enclosing sort/membership restrictions apply	P3109-BLOCK-CORE; STRING; P3109-SEQUENCE{FormatElt} * (sort Seq{FormatElt} to FormatSeq, op nil to fnil, op cons to fcons); P3109-SEQUENCE{KappaPartElt} * (sort Seq{KappaPartElt} to KappaPartSeq, op nil to knil, op cons to kcons); P3109-SEQUENCE{CodeSeqElt} * (sort Seq{CodeSeqElt} to PartitionSeq, op nil to pnil, op cons to pcons); P3109-SEQUENCE{DeclarationElt} * (sort Seq{DeclarationElt} to DeclarationSeq, op nil to dnil, op cons to dcons); P3109-SEQUENCE{SpecializationElt} * (sort Seq{SpecializationElt} to SpecializationSeq, op nil to snil, op cons to scons); P3109-CONFORMANCE-DATA; P3109-PREDICATES; P3109-SEQUENCE{ObservationElt} * (sort Seq{ObservationElt} to ObservationSeq, op nil to onil, op cons to ocons); P3109-SEQUENCE{ArityEntryElt} * (sort Seq{ArityEntryElt} to ArityTable, op nil to anil, op cons to acons)
lib/conformance.maude	p3109-conformance-051	src/conformance.jl	family implementation; source guards reviewed	finite source suites; no universal proof	clause=4.4-4.6; page=21-24	unconditional; enclosing sort/membership restrictions apply	P3109-BLOCK-CORE; STRING; P3109-SEQUENCE{FormatElt} * (sort Seq{FormatElt} to FormatSeq, op nil to fnil, op cons to fcons); P3109-SEQUENCE{KappaPartElt} * (sort Seq{KappaPartElt} to KappaPartSeq, op nil to knil, op cons to kcons); P3109-SEQUENCE{CodeSeqElt} * (sort Seq{CodeSeqElt} to PartitionSeq, op nil to pnil, op cons to pcons); P3109-SEQUENCE{DeclarationElt} * (sort Seq{DeclarationElt} to DeclarationSeq, op nil to dnil, op cons to dcons); P3109-SEQUENCE{SpecializationElt} * (sort Seq{SpecializationElt} to SpecializationSeq, op nil to snil, op cons to scons); P3109-CONFORMANCE-DATA; P3109-PREDICATES; P3109-SEQUENCE{ObservationElt} * (sort Seq{ObservationElt} to ObservationSeq, op nil to onil, op cons to ocons); P3109-SEQUENCE{ArityEntryElt} * (sort Seq{ArityEntryElt} to ArityTable, op nil to anil, op cons to acons)
lib/conformance.maude	p3109-conformance-052	src/conformance.jl	family implementation; source guards reviewed	finite source suites; no universal proof	clause=4.4-4.6; page=21-24	unconditional; enclosing sort/membership restrictions apply	P3109-BLOCK-CORE; STRING; P3109-SEQUENCE{FormatElt} * (sort Seq{FormatElt} to FormatSeq, op nil to fnil, op cons to fcons); P3109-SEQUENCE{KappaPartElt} * (sort Seq{KappaPartElt} to KappaPartSeq, op nil to knil, op cons to kcons); P3109-SEQUENCE{CodeSeqElt} * (sort Seq{CodeSeqElt} to PartitionSeq, op nil to pnil, op cons to pcons); P3109-SEQUENCE{DeclarationElt} * (sort Seq{DeclarationElt} to DeclarationSeq, op nil to dnil, op cons to dcons); P3109-SEQUENCE{SpecializationElt} * (sort Seq{SpecializationElt} to SpecializationSeq, op nil to snil, op cons to scons); P3109-CONFORMANCE-DATA; P3109-PREDICATES; P3109-SEQUENCE{ObservationElt} * (sort Seq{ObservationElt} to ObservationSeq, op nil to onil, op cons to ocons); P3109-SEQUENCE{ArityEntryElt} * (sort Seq{ArityEntryElt} to ArityTable, op nil to anil, op cons to acons)
lib/conformance.maude	p3109-conformance-053	src/conformance.jl	family implementation; source guards reviewed	finite source suites; no universal proof	clause=4.4-4.6; page=21-24	unconditional; enclosing sort/membership restrictions apply	P3109-BLOCK-CORE; STRING; P3109-SEQUENCE{FormatElt} * (sort Seq{FormatElt} to FormatSeq, op nil to fnil, op cons to fcons); P3109-SEQUENCE{KappaPartElt} * (sort Seq{KappaPartElt} to KappaPartSeq, op nil to knil, op cons to kcons); P3109-SEQUENCE{CodeSeqElt} * (sort Seq{CodeSeqElt} to PartitionSeq, op nil to pnil, op cons to pcons); P3109-SEQUENCE{DeclarationElt} * (sort Seq{DeclarationElt} to DeclarationSeq, op nil to dnil, op cons to dcons); P3109-SEQUENCE{SpecializationElt} * (sort Seq{SpecializationElt} to SpecializationSeq, op nil to snil, op cons to scons); P3109-CONFORMANCE-DATA; P3109-PREDICATES; P3109-SEQUENCE{ObservationElt} * (sort Seq{ObservationElt} to ObservationSeq, op nil to onil, op cons to ocons); P3109-SEQUENCE{ArityEntryElt} * (sort Seq{ArityEntryElt} to ArityTable, op nil to anil, op cons to acons)
lib/conformance.maude	p3109-conformance-054	src/conformance.jl	family implementation; source guards reviewed	finite source suites; no universal proof	clause=4.4-4.6; page=21-24	unconditional; enclosing sort/membership restrictions apply	P3109-BLOCK-CORE; STRING; P3109-SEQUENCE{FormatElt} * (sort Seq{FormatElt} to FormatSeq, op nil to fnil, op cons to fcons); P3109-SEQUENCE{KappaPartElt} * (sort Seq{KappaPartElt} to KappaPartSeq, op nil to knil, op cons to kcons); P3109-SEQUENCE{CodeSeqElt} * (sort Seq{CodeSeqElt} to PartitionSeq, op nil to pnil, op cons to pcons); P3109-SEQUENCE{DeclarationElt} * (sort Seq{DeclarationElt} to DeclarationSeq, op nil to dnil, op cons to dcons); P3109-SEQUENCE{SpecializationElt} * (sort Seq{SpecializationElt} to SpecializationSeq, op nil to snil, op cons to scons); P3109-CONFORMANCE-DATA; P3109-PREDICATES; P3109-SEQUENCE{ObservationElt} * (sort Seq{ObservationElt} to ObservationSeq, op nil to onil, op cons to ocons); P3109-SEQUENCE{ArityEntryElt} * (sort Seq{ArityEntryElt} to ArityTable, op nil to anil, op cons to acons)
lib/conformance.maude	p3109-conformance-055	src/conformance.jl	family implementation; source guards reviewed	finite source suites; no universal proof	clause=4.4-4.6; page=21-24	unconditional; enclosing sort/membership restrictions apply	P3109-BLOCK-CORE; STRING; P3109-SEQUENCE{FormatElt} * (sort Seq{FormatElt} to FormatSeq, op nil to fnil, op cons to fcons); P3109-SEQUENCE{KappaPartElt} * (sort Seq{KappaPartElt} to KappaPartSeq, op nil to knil, op cons to kcons); P3109-SEQUENCE{CodeSeqElt} * (sort Seq{CodeSeqElt} to PartitionSeq, op nil to pnil, op cons to pcons); P3109-SEQUENCE{DeclarationElt} * (sort Seq{DeclarationElt} to DeclarationSeq, op nil to dnil, op cons to dcons); P3109-SEQUENCE{SpecializationElt} * (sort Seq{SpecializationElt} to SpecializationSeq, op nil to snil, op cons to scons); P3109-CONFORMANCE-DATA; P3109-PREDICATES; P3109-SEQUENCE{ObservationElt} * (sort Seq{ObservationElt} to ObservationSeq, op nil to onil, op cons to ocons); P3109-SEQUENCE{ArityEntryElt} * (sort Seq{ArityEntryElt} to ArityTable, op nil to anil, op cons to acons)
lib/conformance.maude	p3109-conformance-056	src/conformance.jl	family implementation; source guards reviewed	finite source suites; no universal proof	clause=4.4-4.6; page=21-24	unconditional; enclosing sort/membership restrictions apply	P3109-BLOCK-CORE; STRING; P3109-SEQUENCE{FormatElt} * (sort Seq{FormatElt} to FormatSeq, op nil to fnil, op cons to fcons); P3109-SEQUENCE{KappaPartElt} * (sort Seq{KappaPartElt} to KappaPartSeq, op nil to knil, op cons to kcons); P3109-SEQUENCE{CodeSeqElt} * (sort Seq{CodeSeqElt} to PartitionSeq, op nil to pnil, op cons to pcons); P3109-SEQUENCE{DeclarationElt} * (sort Seq{DeclarationElt} to DeclarationSeq, op nil to dnil, op cons to dcons); P3109-SEQUENCE{SpecializationElt} * (sort Seq{SpecializationElt} to SpecializationSeq, op nil to snil, op cons to scons); P3109-CONFORMANCE-DATA; P3109-PREDICATES; P3109-SEQUENCE{ObservationElt} * (sort Seq{ObservationElt} to ObservationSeq, op nil to onil, op cons to ocons); P3109-SEQUENCE{ArityEntryElt} * (sort Seq{ArityEntryElt} to ArityTable, op nil to anil, op cons to acons)
lib/conformance.maude	p3109-conformance-057	src/conformance.jl	family implementation; source guards reviewed	finite source suites; no universal proof	clause=4.4-4.6; page=21-24	unconditional; enclosing sort/membership restrictions apply	P3109-BLOCK-CORE; STRING; P3109-SEQUENCE{FormatElt} * (sort Seq{FormatElt} to FormatSeq, op nil to fnil, op cons to fcons); P3109-SEQUENCE{KappaPartElt} * (sort Seq{KappaPartElt} to KappaPartSeq, op nil to knil, op cons to kcons); P3109-SEQUENCE{CodeSeqElt} * (sort Seq{CodeSeqElt} to PartitionSeq, op nil to pnil, op cons to pcons); P3109-SEQUENCE{DeclarationElt} * (sort Seq{DeclarationElt} to DeclarationSeq, op nil to dnil, op cons to dcons); P3109-SEQUENCE{SpecializationElt} * (sort Seq{SpecializationElt} to SpecializationSeq, op nil to snil, op cons to scons); P3109-CONFORMANCE-DATA; P3109-PREDICATES; P3109-SEQUENCE{ObservationElt} * (sort Seq{ObservationElt} to ObservationSeq, op nil to onil, op cons to ocons); P3109-SEQUENCE{ArityEntryElt} * (sort Seq{ArityEntryElt} to ArityTable, op nil to anil, op cons to acons)
lib/conformance.maude	p3109-conformance-058	src/conformance.jl	family implementation; source guards reviewed	finite source suites; no universal proof	clause=4.4-4.6; page=21-24	unconditional; enclosing sort/membership restrictions apply	P3109-BLOCK-CORE; STRING; P3109-SEQUENCE{FormatElt} * (sort Seq{FormatElt} to FormatSeq, op nil to fnil, op cons to fcons); P3109-SEQUENCE{KappaPartElt} * (sort Seq{KappaPartElt} to KappaPartSeq, op nil to knil, op cons to kcons); P3109-SEQUENCE{CodeSeqElt} * (sort Seq{CodeSeqElt} to PartitionSeq, op nil to pnil, op cons to pcons); P3109-SEQUENCE{DeclarationElt} * (sort Seq{DeclarationElt} to DeclarationSeq, op nil to dnil, op cons to dcons); P3109-SEQUENCE{SpecializationElt} * (sort Seq{SpecializationElt} to SpecializationSeq, op nil to snil, op cons to scons); P3109-CONFORMANCE-DATA; P3109-PREDICATES; P3109-SEQUENCE{ObservationElt} * (sort Seq{ObservationElt} to ObservationSeq, op nil to onil, op cons to ocons); P3109-SEQUENCE{ArityEntryElt} * (sort Seq{ArityEntryElt} to ArityTable, op nil to anil, op cons to acons)
lib/conformance.maude	p3109-conformance-059	src/conformance.jl	family implementation; source guards reviewed	finite source suites; no universal proof	clause=4.4-4.6; page=21-24	unconditional; enclosing sort/membership restrictions apply	P3109-BLOCK-CORE; STRING; P3109-SEQUENCE{FormatElt} * (sort Seq{FormatElt} to FormatSeq, op nil to fnil, op cons to fcons); P3109-SEQUENCE{KappaPartElt} * (sort Seq{KappaPartElt} to KappaPartSeq, op nil to knil, op cons to kcons); P3109-SEQUENCE{CodeSeqElt} * (sort Seq{CodeSeqElt} to PartitionSeq, op nil to pnil, op cons to pcons); P3109-SEQUENCE{DeclarationElt} * (sort Seq{DeclarationElt} to DeclarationSeq, op nil to dnil, op cons to dcons); P3109-SEQUENCE{SpecializationElt} * (sort Seq{SpecializationElt} to SpecializationSeq, op nil to snil, op cons to scons); P3109-CONFORMANCE-DATA; P3109-PREDICATES; P3109-SEQUENCE{ObservationElt} * (sort Seq{ObservationElt} to ObservationSeq, op nil to onil, op cons to ocons); P3109-SEQUENCE{ArityEntryElt} * (sort Seq{ArityEntryElt} to ArityTable, op nil to anil, op cons to acons)
lib/conformance.maude	p3109-conformance-060	src/conformance.jl	family implementation; source guards reviewed	finite source suites; no universal proof	clause=4.4-4.6; page=21-24	unconditional; enclosing sort/membership restrictions apply	P3109-BLOCK-CORE; STRING; P3109-SEQUENCE{FormatElt} * (sort Seq{FormatElt} to FormatSeq, op nil to fnil, op cons to fcons); P3109-SEQUENCE{KappaPartElt} * (sort Seq{KappaPartElt} to KappaPartSeq, op nil to knil, op cons to kcons); P3109-SEQUENCE{CodeSeqElt} * (sort Seq{CodeSeqElt} to PartitionSeq, op nil to pnil, op cons to pcons); P3109-SEQUENCE{DeclarationElt} * (sort Seq{DeclarationElt} to DeclarationSeq, op nil to dnil, op cons to dcons); P3109-SEQUENCE{SpecializationElt} * (sort Seq{SpecializationElt} to SpecializationSeq, op nil to snil, op cons to scons); P3109-CONFORMANCE-DATA; P3109-PREDICATES; P3109-SEQUENCE{ObservationElt} * (sort Seq{ObservationElt} to ObservationSeq, op nil to onil, op cons to ocons); P3109-SEQUENCE{ArityEntryElt} * (sort Seq{ArityEntryElt} to ArityTable, op nil to anil, op cons to acons)
lib/conformance.maude	p3109-conformance-061	src/conformance.jl	family implementation; source guards reviewed	finite source suites; no universal proof	clause=4.4-4.6; page=21-24	unconditional; enclosing sort/membership restrictions apply	P3109-BLOCK-CORE; STRING; P3109-SEQUENCE{FormatElt} * (sort Seq{FormatElt} to FormatSeq, op nil to fnil, op cons to fcons); P3109-SEQUENCE{KappaPartElt} * (sort Seq{KappaPartElt} to KappaPartSeq, op nil to knil, op cons to kcons); P3109-SEQUENCE{CodeSeqElt} * (sort Seq{CodeSeqElt} to PartitionSeq, op nil to pnil, op cons to pcons); P3109-SEQUENCE{DeclarationElt} * (sort Seq{DeclarationElt} to DeclarationSeq, op nil to dnil, op cons to dcons); P3109-SEQUENCE{SpecializationElt} * (sort Seq{SpecializationElt} to SpecializationSeq, op nil to snil, op cons to scons); P3109-CONFORMANCE-DATA; P3109-PREDICATES; P3109-SEQUENCE{ObservationElt} * (sort Seq{ObservationElt} to ObservationSeq, op nil to onil, op cons to ocons); P3109-SEQUENCE{ArityEntryElt} * (sort Seq{ArityEntryElt} to ArityTable, op nil to anil, op cons to acons)
lib/conformance.maude	p3109-conformance-062	src/conformance.jl	family implementation; source guards reviewed	finite source suites; no universal proof	clause=4.4-4.6; page=21-24	unconditional; enclosing sort/membership restrictions apply	P3109-BLOCK-CORE; STRING; P3109-SEQUENCE{FormatElt} * (sort Seq{FormatElt} to FormatSeq, op nil to fnil, op cons to fcons); P3109-SEQUENCE{KappaPartElt} * (sort Seq{KappaPartElt} to KappaPartSeq, op nil to knil, op cons to kcons); P3109-SEQUENCE{CodeSeqElt} * (sort Seq{CodeSeqElt} to PartitionSeq, op nil to pnil, op cons to pcons); P3109-SEQUENCE{DeclarationElt} * (sort Seq{DeclarationElt} to DeclarationSeq, op nil to dnil, op cons to dcons); P3109-SEQUENCE{SpecializationElt} * (sort Seq{SpecializationElt} to SpecializationSeq, op nil to snil, op cons to scons); P3109-CONFORMANCE-DATA; P3109-PREDICATES; P3109-SEQUENCE{ObservationElt} * (sort Seq{ObservationElt} to ObservationSeq, op nil to onil, op cons to ocons); P3109-SEQUENCE{ArityEntryElt} * (sort Seq{ArityEntryElt} to ArityTable, op nil to anil, op cons to acons)
lib/conformance.maude	p3109-conformance-063	src/conformance.jl	family implementation; source guards reviewed	finite source suites; no universal proof	clause=4.4-4.6; page=21-24	unconditional; enclosing sort/membership restrictions apply	P3109-BLOCK-CORE; STRING; P3109-SEQUENCE{FormatElt} * (sort Seq{FormatElt} to FormatSeq, op nil to fnil, op cons to fcons); P3109-SEQUENCE{KappaPartElt} * (sort Seq{KappaPartElt} to KappaPartSeq, op nil to knil, op cons to kcons); P3109-SEQUENCE{CodeSeqElt} * (sort Seq{CodeSeqElt} to PartitionSeq, op nil to pnil, op cons to pcons); P3109-SEQUENCE{DeclarationElt} * (sort Seq{DeclarationElt} to DeclarationSeq, op nil to dnil, op cons to dcons); P3109-SEQUENCE{SpecializationElt} * (sort Seq{SpecializationElt} to SpecializationSeq, op nil to snil, op cons to scons); P3109-CONFORMANCE-DATA; P3109-PREDICATES; P3109-SEQUENCE{ObservationElt} * (sort Seq{ObservationElt} to ObservationSeq, op nil to onil, op cons to ocons); P3109-SEQUENCE{ArityEntryElt} * (sort Seq{ArityEntryElt} to ArityTable, op nil to anil, op cons to acons)
lib/conformance.maude	p3109-conformance-064	src/conformance.jl	family implementation; source guards reviewed	finite source suites; no universal proof	clause=4.4-4.6; page=21-24	unconditional; enclosing sort/membership restrictions apply	P3109-BLOCK-CORE; STRING; P3109-SEQUENCE{FormatElt} * (sort Seq{FormatElt} to FormatSeq, op nil to fnil, op cons to fcons); P3109-SEQUENCE{KappaPartElt} * (sort Seq{KappaPartElt} to KappaPartSeq, op nil to knil, op cons to kcons); P3109-SEQUENCE{CodeSeqElt} * (sort Seq{CodeSeqElt} to PartitionSeq, op nil to pnil, op cons to pcons); P3109-SEQUENCE{DeclarationElt} * (sort Seq{DeclarationElt} to DeclarationSeq, op nil to dnil, op cons to dcons); P3109-SEQUENCE{SpecializationElt} * (sort Seq{SpecializationElt} to SpecializationSeq, op nil to snil, op cons to scons); P3109-CONFORMANCE-DATA; P3109-PREDICATES; P3109-SEQUENCE{ObservationElt} * (sort Seq{ObservationElt} to ObservationSeq, op nil to onil, op cons to ocons); P3109-SEQUENCE{ArityEntryElt} * (sort Seq{ArityEntryElt} to ArityTable, op nil to anil, op cons to acons)
lib/conformance.maude	p3109-decl-numeric-table	src/conformance.jl	family implementation; source guards reviewed	finite source suites; no universal proof	clause=4.3; page=19-20; clause=5.8; page=70	unconditional; enclosing sort/membership restrictions apply	P3109-BLOCK-CORE; STRING; P3109-SEQUENCE{FormatElt} * (sort Seq{FormatElt} to FormatSeq, op nil to fnil, op cons to fcons); P3109-SEQUENCE{KappaPartElt} * (sort Seq{KappaPartElt} to KappaPartSeq, op nil to knil, op cons to kcons); P3109-SEQUENCE{CodeSeqElt} * (sort Seq{CodeSeqElt} to PartitionSeq, op nil to pnil, op cons to pcons); P3109-SEQUENCE{DeclarationElt} * (sort Seq{DeclarationElt} to DeclarationSeq, op nil to dnil, op cons to dcons); P3109-SEQUENCE{SpecializationElt} * (sort Seq{SpecializationElt} to SpecializationSeq, op nil to snil, op cons to scons); P3109-CONFORMANCE-DATA; P3109-PREDICATES; P3109-SEQUENCE{ObservationElt} * (sort Seq{ObservationElt} to ObservationSeq, op nil to onil, op cons to ocons); P3109-SEQUENCE{ArityEntryElt} * (sort Seq{ArityEntryElt} to ArityTable, op nil to anil, op cons to acons)
lib/conformance.maude	p3109-decl-plain-table	src/conformance.jl	family implementation; source guards reviewed	finite source suites; no universal proof	clause=4.3; page=19-20	unconditional; enclosing sort/membership restrictions apply	P3109-BLOCK-CORE; STRING; P3109-SEQUENCE{FormatElt} * (sort Seq{FormatElt} to FormatSeq, op nil to fnil, op cons to fcons); P3109-SEQUENCE{KappaPartElt} * (sort Seq{KappaPartElt} to KappaPartSeq, op nil to knil, op cons to kcons); P3109-SEQUENCE{CodeSeqElt} * (sort Seq{CodeSeqElt} to PartitionSeq, op nil to pnil, op cons to pcons); P3109-SEQUENCE{DeclarationElt} * (sort Seq{DeclarationElt} to DeclarationSeq, op nil to dnil, op cons to dcons); P3109-SEQUENCE{SpecializationElt} * (sort Seq{SpecializationElt} to SpecializationSeq, op nil to snil, op cons to scons); P3109-CONFORMANCE-DATA; P3109-PREDICATES; P3109-SEQUENCE{ObservationElt} * (sort Seq{ObservationElt} to ObservationSeq, op nil to onil, op cons to ocons); P3109-SEQUENCE{ArityEntryElt} * (sort Seq{ArityEntryElt} to ArityTable, op nil to anil, op cons to acons)
lib/conformance.maude	p3109-decl-numeric	src/conformance.jl	family implementation; source guards reviewed	finite source suites; no universal proof	clause=4.3; 5.8; page=19-20; 70	unconditional; enclosing sort/membership restrictions apply	P3109-BLOCK-CORE; STRING; P3109-SEQUENCE{FormatElt} * (sort Seq{FormatElt} to FormatSeq, op nil to fnil, op cons to fcons); P3109-SEQUENCE{KappaPartElt} * (sort Seq{KappaPartElt} to KappaPartSeq, op nil to knil, op cons to kcons); P3109-SEQUENCE{CodeSeqElt} * (sort Seq{CodeSeqElt} to PartitionSeq, op nil to pnil, op cons to pcons); P3109-SEQUENCE{DeclarationElt} * (sort Seq{DeclarationElt} to DeclarationSeq, op nil to dnil, op cons to dcons); P3109-SEQUENCE{SpecializationElt} * (sort Seq{SpecializationElt} to SpecializationSeq, op nil to snil, op cons to scons); P3109-CONFORMANCE-DATA; P3109-PREDICATES; P3109-SEQUENCE{ObservationElt} * (sort Seq{ObservationElt} to ObservationSeq, op nil to onil, op cons to ocons); P3109-SEQUENCE{ArityEntryElt} * (sort Seq{ArityEntryElt} to ArityTable, op nil to anil, op cons to acons)
lib/conformance.maude	p3109-decl-plain	src/conformance.jl	family implementation; source guards reviewed	finite source suites; no universal proof	clause=4.3; page=19-20	unconditional; enclosing sort/membership restrictions apply	P3109-BLOCK-CORE; STRING; P3109-SEQUENCE{FormatElt} * (sort Seq{FormatElt} to FormatSeq, op nil to fnil, op cons to fcons); P3109-SEQUENCE{KappaPartElt} * (sort Seq{KappaPartElt} to KappaPartSeq, op nil to knil, op cons to kcons); P3109-SEQUENCE{CodeSeqElt} * (sort Seq{CodeSeqElt} to PartitionSeq, op nil to pnil, op cons to pcons); P3109-SEQUENCE{DeclarationElt} * (sort Seq{DeclarationElt} to DeclarationSeq, op nil to dnil, op cons to dcons); P3109-SEQUENCE{SpecializationElt} * (sort Seq{SpecializationElt} to SpecializationSeq, op nil to snil, op cons to scons); P3109-CONFORMANCE-DATA; P3109-PREDICATES; P3109-SEQUENCE{ObservationElt} * (sort Seq{ObservationElt} to ObservationSeq, op nil to onil, op cons to ocons); P3109-SEQUENCE{ArityEntryElt} * (sort Seq{ArityEntryElt} to ArityTable, op nil to anil, op cons to acons)
lib/conformance.maude	p3109-decl-specialization-numeric	src/conformance.jl	family implementation; source guards reviewed	finite source suites; no universal proof	clause=4.3; page=19-20	unconditional; enclosing sort/membership restrictions apply	P3109-BLOCK-CORE; STRING; P3109-SEQUENCE{FormatElt} * (sort Seq{FormatElt} to FormatSeq, op nil to fnil, op cons to fcons); P3109-SEQUENCE{KappaPartElt} * (sort Seq{KappaPartElt} to KappaPartSeq, op nil to knil, op cons to kcons); P3109-SEQUENCE{CodeSeqElt} * (sort Seq{CodeSeqElt} to PartitionSeq, op nil to pnil, op cons to pcons); P3109-SEQUENCE{DeclarationElt} * (sort Seq{DeclarationElt} to DeclarationSeq, op nil to dnil, op cons to dcons); P3109-SEQUENCE{SpecializationElt} * (sort Seq{SpecializationElt} to SpecializationSeq, op nil to snil, op cons to scons); P3109-CONFORMANCE-DATA; P3109-PREDICATES; P3109-SEQUENCE{ObservationElt} * (sort Seq{ObservationElt} to ObservationSeq, op nil to onil, op cons to ocons); P3109-SEQUENCE{ArityEntryElt} * (sort Seq{ArityEntryElt} to ArityTable, op nil to anil, op cons to acons)
lib/conformance.maude	p3109-decl-specialization-plain	src/conformance.jl	family implementation; source guards reviewed	finite source suites; no universal proof	clause=4.3; page=19-20	unconditional; enclosing sort/membership restrictions apply	P3109-BLOCK-CORE; STRING; P3109-SEQUENCE{FormatElt} * (sort Seq{FormatElt} to FormatSeq, op nil to fnil, op cons to fcons); P3109-SEQUENCE{KappaPartElt} * (sort Seq{KappaPartElt} to KappaPartSeq, op nil to knil, op cons to kcons); P3109-SEQUENCE{CodeSeqElt} * (sort Seq{CodeSeqElt} to PartitionSeq, op nil to pnil, op cons to pcons); P3109-SEQUENCE{DeclarationElt} * (sort Seq{DeclarationElt} to DeclarationSeq, op nil to dnil, op cons to dcons); P3109-SEQUENCE{SpecializationElt} * (sort Seq{SpecializationElt} to SpecializationSeq, op nil to snil, op cons to scons); P3109-CONFORMANCE-DATA; P3109-PREDICATES; P3109-SEQUENCE{ObservationElt} * (sort Seq{ObservationElt} to ObservationSeq, op nil to onil, op cons to ocons); P3109-SEQUENCE{ArityEntryElt} * (sort Seq{ArityEntryElt} to ArityTable, op nil to anil, op cons to acons)
lib/conformance.maude	p3109-decl-numeric-plain	src/conformance.jl	family implementation; source guards reviewed	finite source suites; no universal proof	clause=4.4; page=21	unconditional; enclosing sort/membership restrictions apply	P3109-BLOCK-CORE; STRING; P3109-SEQUENCE{FormatElt} * (sort Seq{FormatElt} to FormatSeq, op nil to fnil, op cons to fcons); P3109-SEQUENCE{KappaPartElt} * (sort Seq{KappaPartElt} to KappaPartSeq, op nil to knil, op cons to kcons); P3109-SEQUENCE{CodeSeqElt} * (sort Seq{CodeSeqElt} to PartitionSeq, op nil to pnil, op cons to pcons); P3109-SEQUENCE{DeclarationElt} * (sort Seq{DeclarationElt} to DeclarationSeq, op nil to dnil, op cons to dcons); P3109-SEQUENCE{SpecializationElt} * (sort Seq{SpecializationElt} to SpecializationSeq, op nil to snil, op cons to scons); P3109-CONFORMANCE-DATA; P3109-PREDICATES; P3109-SEQUENCE{ObservationElt} * (sort Seq{ObservationElt} to ObservationSeq, op nil to onil, op cons to ocons); P3109-SEQUENCE{ArityEntryElt} * (sort Seq{ArityEntryElt} to ArityTable, op nil to anil, op cons to acons)
lib/conformance.maude	p3109-decl-exact	src/conformance.jl	family implementation; source guards reviewed	finite source suites; no universal proof	clause=4.6; page=24	unconditional; enclosing sort/membership restrictions apply	P3109-BLOCK-CORE; STRING; P3109-SEQUENCE{FormatElt} * (sort Seq{FormatElt} to FormatSeq, op nil to fnil, op cons to fcons); P3109-SEQUENCE{KappaPartElt} * (sort Seq{KappaPartElt} to KappaPartSeq, op nil to knil, op cons to kcons); P3109-SEQUENCE{CodeSeqElt} * (sort Seq{CodeSeqElt} to PartitionSeq, op nil to pnil, op cons to pcons); P3109-SEQUENCE{DeclarationElt} * (sort Seq{DeclarationElt} to DeclarationSeq, op nil to dnil, op cons to dcons); P3109-SEQUENCE{SpecializationElt} * (sort Seq{SpecializationElt} to SpecializationSeq, op nil to snil, op cons to scons); P3109-CONFORMANCE-DATA; P3109-PREDICATES; P3109-SEQUENCE{ObservationElt} * (sort Seq{ObservationElt} to ObservationSeq, op nil to onil, op cons to ocons); P3109-SEQUENCE{ArityEntryElt} * (sort Seq{ArityEntryElt} to ArityTable, op nil to anil, op cons to acons)
lib/conformance.maude	p3109-decl-approximate	src/conformance.jl	family implementation; source guards reviewed	finite source suites; no universal proof	clause=4.4; page=21	unconditional; enclosing sort/membership restrictions apply	P3109-BLOCK-CORE; STRING; P3109-SEQUENCE{FormatElt} * (sort Seq{FormatElt} to FormatSeq, op nil to fnil, op cons to fcons); P3109-SEQUENCE{KappaPartElt} * (sort Seq{KappaPartElt} to KappaPartSeq, op nil to knil, op cons to kcons); P3109-SEQUENCE{CodeSeqElt} * (sort Seq{CodeSeqElt} to PartitionSeq, op nil to pnil, op cons to pcons); P3109-SEQUENCE{DeclarationElt} * (sort Seq{DeclarationElt} to DeclarationSeq, op nil to dnil, op cons to dcons); P3109-SEQUENCE{SpecializationElt} * (sort Seq{SpecializationElt} to SpecializationSeq, op nil to snil, op cons to scons); P3109-CONFORMANCE-DATA; P3109-PREDICATES; P3109-SEQUENCE{ObservationElt} * (sort Seq{ObservationElt} to ObservationSeq, op nil to onil, op cons to ocons); P3109-SEQUENCE{ArityEntryElt} * (sort Seq{ArityEntryElt} to ArityTable, op nil to anil, op cons to acons)
lib/conformance.maude	p3109-block-elements-name	src/conformance.jl	family implementation; source guards reviewed	finite source suites; no universal proof	clause=5.5;5.7; page=64-66;69	unconditional; enclosing sort/membership restrictions apply	P3109-BLOCK-CORE; STRING; P3109-SEQUENCE{FormatElt} * (sort Seq{FormatElt} to FormatSeq, op nil to fnil, op cons to fcons); P3109-SEQUENCE{KappaPartElt} * (sort Seq{KappaPartElt} to KappaPartSeq, op nil to knil, op cons to kcons); P3109-SEQUENCE{CodeSeqElt} * (sort Seq{CodeSeqElt} to PartitionSeq, op nil to pnil, op cons to pcons); P3109-SEQUENCE{DeclarationElt} * (sort Seq{DeclarationElt} to DeclarationSeq, op nil to dnil, op cons to dcons); P3109-SEQUENCE{SpecializationElt} * (sort Seq{SpecializationElt} to SpecializationSeq, op nil to snil, op cons to scons); P3109-CONFORMANCE-DATA; P3109-PREDICATES; P3109-SEQUENCE{ObservationElt} * (sort Seq{ObservationElt} to ObservationSeq, op nil to onil, op cons to ocons); P3109-SEQUENCE{ArityEntryElt} * (sort Seq{ArityEntryElt} to ArityTable, op nil to anil, op cons to acons)
lib/conformance.maude	p3109-block-reduction-name	src/conformance.jl	family implementation; source guards reviewed	finite source suites; no universal proof	clause=5.6; page=67-68	unconditional; enclosing sort/membership restrictions apply	P3109-BLOCK-CORE; STRING; P3109-SEQUENCE{FormatElt} * (sort Seq{FormatElt} to FormatSeq, op nil to fnil, op cons to fcons); P3109-SEQUENCE{KappaPartElt} * (sort Seq{KappaPartElt} to KappaPartSeq, op nil to knil, op cons to kcons); P3109-SEQUENCE{CodeSeqElt} * (sort Seq{CodeSeqElt} to PartitionSeq, op nil to pnil, op cons to pcons); P3109-SEQUENCE{DeclarationElt} * (sort Seq{DeclarationElt} to DeclarationSeq, op nil to dnil, op cons to dcons); P3109-SEQUENCE{SpecializationElt} * (sort Seq{SpecializationElt} to SpecializationSeq, op nil to snil, op cons to scons); P3109-CONFORMANCE-DATA; P3109-PREDICATES; P3109-SEQUENCE{ObservationElt} * (sort Seq{ObservationElt} to ObservationSeq, op nil to onil, op cons to ocons); P3109-SEQUENCE{ArityEntryElt} * (sort Seq{ArityEntryElt} to ArityTable, op nil to anil, op cons to acons)
lib/conformance.maude	p3109-block-scale-name	src/conformance.jl	family implementation; source guards reviewed	finite source suites; no universal proof	clause=5.5.3; page=66	unconditional; enclosing sort/membership restrictions apply	P3109-BLOCK-CORE; STRING; P3109-SEQUENCE{FormatElt} * (sort Seq{FormatElt} to FormatSeq, op nil to fnil, op cons to fcons); P3109-SEQUENCE{KappaPartElt} * (sort Seq{KappaPartElt} to KappaPartSeq, op nil to knil, op cons to kcons); P3109-SEQUENCE{CodeSeqElt} * (sort Seq{CodeSeqElt} to PartitionSeq, op nil to pnil, op cons to pcons); P3109-SEQUENCE{DeclarationElt} * (sort Seq{DeclarationElt} to DeclarationSeq, op nil to dnil, op cons to dcons); P3109-SEQUENCE{SpecializationElt} * (sort Seq{SpecializationElt} to SpecializationSeq, op nil to snil, op cons to scons); P3109-CONFORMANCE-DATA; P3109-PREDICATES; P3109-SEQUENCE{ObservationElt} * (sort Seq{ObservationElt} to ObservationSeq, op nil to onil, op cons to ocons); P3109-SEQUENCE{ArityEntryElt} * (sort Seq{ArityEntryElt} to ArityTable, op nil to anil, op cons to acons)
lib/conformance.maude	p3109-block-elements-valid	src/conformance.jl	family implementation; source guards reviewed	finite source suites; no universal proof	clause=5.5;5.7; page=64-66;69	unconditional; enclosing sort/membership restrictions apply	P3109-BLOCK-CORE; STRING; P3109-SEQUENCE{FormatElt} * (sort Seq{FormatElt} to FormatSeq, op nil to fnil, op cons to fcons); P3109-SEQUENCE{KappaPartElt} * (sort Seq{KappaPartElt} to KappaPartSeq, op nil to knil, op cons to kcons); P3109-SEQUENCE{CodeSeqElt} * (sort Seq{CodeSeqElt} to PartitionSeq, op nil to pnil, op cons to pcons); P3109-SEQUENCE{DeclarationElt} * (sort Seq{DeclarationElt} to DeclarationSeq, op nil to dnil, op cons to dcons); P3109-SEQUENCE{SpecializationElt} * (sort Seq{SpecializationElt} to SpecializationSeq, op nil to snil, op cons to scons); P3109-CONFORMANCE-DATA; P3109-PREDICATES; P3109-SEQUENCE{ObservationElt} * (sort Seq{ObservationElt} to ObservationSeq, op nil to onil, op cons to ocons); P3109-SEQUENCE{ArityEntryElt} * (sort Seq{ArityEntryElt} to ArityTable, op nil to anil, op cons to acons)
lib/conformance.maude	p3109-block-reduction-valid	src/conformance.jl	family implementation; source guards reviewed	finite source suites; no universal proof	clause=5.6; page=67-68	unconditional; enclosing sort/membership restrictions apply	P3109-BLOCK-CORE; STRING; P3109-SEQUENCE{FormatElt} * (sort Seq{FormatElt} to FormatSeq, op nil to fnil, op cons to fcons); P3109-SEQUENCE{KappaPartElt} * (sort Seq{KappaPartElt} to KappaPartSeq, op nil to knil, op cons to kcons); P3109-SEQUENCE{CodeSeqElt} * (sort Seq{CodeSeqElt} to PartitionSeq, op nil to pnil, op cons to pcons); P3109-SEQUENCE{DeclarationElt} * (sort Seq{DeclarationElt} to DeclarationSeq, op nil to dnil, op cons to dcons); P3109-SEQUENCE{SpecializationElt} * (sort Seq{SpecializationElt} to SpecializationSeq, op nil to snil, op cons to scons); P3109-CONFORMANCE-DATA; P3109-PREDICATES; P3109-SEQUENCE{ObservationElt} * (sort Seq{ObservationElt} to ObservationSeq, op nil to onil, op cons to ocons); P3109-SEQUENCE{ArityEntryElt} * (sort Seq{ArityEntryElt} to ArityTable, op nil to anil, op cons to acons)
lib/conformance.maude	p3109-block-scale-valid	src/conformance.jl	family implementation; source guards reviewed	finite source suites; no universal proof	clause=5.5.3; page=66	unconditional; enclosing sort/membership restrictions apply	P3109-BLOCK-CORE; STRING; P3109-SEQUENCE{FormatElt} * (sort Seq{FormatElt} to FormatSeq, op nil to fnil, op cons to fcons); P3109-SEQUENCE{KappaPartElt} * (sort Seq{KappaPartElt} to KappaPartSeq, op nil to knil, op cons to kcons); P3109-SEQUENCE{CodeSeqElt} * (sort Seq{CodeSeqElt} to PartitionSeq, op nil to pnil, op cons to pcons); P3109-SEQUENCE{DeclarationElt} * (sort Seq{DeclarationElt} to DeclarationSeq, op nil to dnil, op cons to dcons); P3109-SEQUENCE{SpecializationElt} * (sort Seq{SpecializationElt} to SpecializationSeq, op nil to snil, op cons to scons); P3109-CONFORMANCE-DATA; P3109-PREDICATES; P3109-SEQUENCE{ObservationElt} * (sort Seq{ObservationElt} to ObservationSeq, op nil to onil, op cons to ocons); P3109-SEQUENCE{ArityEntryElt} * (sort Seq{ArityEntryElt} to ArityTable, op nil to anil, op cons to acons)
lib/conformance.maude	p3109-block-elements-not-required	src/conformance.jl	family implementation; source guards reviewed	finite source suites; no universal proof	clause=4.5; page=22-23	unconditional; enclosing sort/membership restrictions apply	P3109-BLOCK-CORE; STRING; P3109-SEQUENCE{FormatElt} * (sort Seq{FormatElt} to FormatSeq, op nil to fnil, op cons to fcons); P3109-SEQUENCE{KappaPartElt} * (sort Seq{KappaPartElt} to KappaPartSeq, op nil to knil, op cons to kcons); P3109-SEQUENCE{CodeSeqElt} * (sort Seq{CodeSeqElt} to PartitionSeq, op nil to pnil, op cons to pcons); P3109-SEQUENCE{DeclarationElt} * (sort Seq{DeclarationElt} to DeclarationSeq, op nil to dnil, op cons to dcons); P3109-SEQUENCE{SpecializationElt} * (sort Seq{SpecializationElt} to SpecializationSeq, op nil to snil, op cons to scons); P3109-CONFORMANCE-DATA; P3109-PREDICATES; P3109-SEQUENCE{ObservationElt} * (sort Seq{ObservationElt} to ObservationSeq, op nil to onil, op cons to ocons); P3109-SEQUENCE{ArityEntryElt} * (sort Seq{ArityEntryElt} to ArityTable, op nil to anil, op cons to acons)
lib/conformance.maude	p3109-block-reduction-not-required	src/conformance.jl	family implementation; source guards reviewed	finite source suites; no universal proof	clause=4.5; page=22-23	unconditional; enclosing sort/membership restrictions apply	P3109-BLOCK-CORE; STRING; P3109-SEQUENCE{FormatElt} * (sort Seq{FormatElt} to FormatSeq, op nil to fnil, op cons to fcons); P3109-SEQUENCE{KappaPartElt} * (sort Seq{KappaPartElt} to KappaPartSeq, op nil to knil, op cons to kcons); P3109-SEQUENCE{CodeSeqElt} * (sort Seq{CodeSeqElt} to PartitionSeq, op nil to pnil, op cons to pcons); P3109-SEQUENCE{DeclarationElt} * (sort Seq{DeclarationElt} to DeclarationSeq, op nil to dnil, op cons to dcons); P3109-SEQUENCE{SpecializationElt} * (sort Seq{SpecializationElt} to SpecializationSeq, op nil to snil, op cons to scons); P3109-CONFORMANCE-DATA; P3109-PREDICATES; P3109-SEQUENCE{ObservationElt} * (sort Seq{ObservationElt} to ObservationSeq, op nil to onil, op cons to ocons); P3109-SEQUENCE{ArityEntryElt} * (sort Seq{ArityEntryElt} to ArityTable, op nil to anil, op cons to acons)
lib/conformance.maude	p3109-block-scale-not-required	src/conformance.jl	family implementation; source guards reviewed	finite source suites; no universal proof	clause=4.5; page=22-23	unconditional; enclosing sort/membership restrictions apply	P3109-BLOCK-CORE; STRING; P3109-SEQUENCE{FormatElt} * (sort Seq{FormatElt} to FormatSeq, op nil to fnil, op cons to fcons); P3109-SEQUENCE{KappaPartElt} * (sort Seq{KappaPartElt} to KappaPartSeq, op nil to knil, op cons to kcons); P3109-SEQUENCE{CodeSeqElt} * (sort Seq{CodeSeqElt} to PartitionSeq, op nil to pnil, op cons to pcons); P3109-SEQUENCE{DeclarationElt} * (sort Seq{DeclarationElt} to DeclarationSeq, op nil to dnil, op cons to dcons); P3109-SEQUENCE{SpecializationElt} * (sort Seq{SpecializationElt} to SpecializationSeq, op nil to snil, op cons to scons); P3109-CONFORMANCE-DATA; P3109-PREDICATES; P3109-SEQUENCE{ObservationElt} * (sort Seq{ObservationElt} to ObservationSeq, op nil to onil, op cons to ocons); P3109-SEQUENCE{ArityEntryElt} * (sort Seq{ArityEntryElt} to ArityTable, op nil to anil, op cons to acons)
lib/conformance.maude	p3109-result-projected-numeric	src/conformance.jl	family implementation; source guards reviewed	finite source suites; no universal proof	clause=4.4; page=21	unconditional; enclosing sort/membership restrictions apply	P3109-BLOCK-CORE; STRING; P3109-SEQUENCE{FormatElt} * (sort Seq{FormatElt} to FormatSeq, op nil to fnil, op cons to fcons); P3109-SEQUENCE{KappaPartElt} * (sort Seq{KappaPartElt} to KappaPartSeq, op nil to knil, op cons to kcons); P3109-SEQUENCE{CodeSeqElt} * (sort Seq{CodeSeqElt} to PartitionSeq, op nil to pnil, op cons to pcons); P3109-SEQUENCE{DeclarationElt} * (sort Seq{DeclarationElt} to DeclarationSeq, op nil to dnil, op cons to dcons); P3109-SEQUENCE{SpecializationElt} * (sort Seq{SpecializationElt} to SpecializationSeq, op nil to snil, op cons to scons); P3109-CONFORMANCE-DATA; P3109-PREDICATES; P3109-SEQUENCE{ObservationElt} * (sort Seq{ObservationElt} to ObservationSeq, op nil to onil, op cons to ocons); P3109-SEQUENCE{ArityEntryElt} * (sort Seq{ArityEntryElt} to ArityTable, op nil to anil, op cons to acons)
lib/conformance.maude	p3109-result-plain-numeric	src/conformance.jl	family implementation; source guards reviewed	finite source suites; no universal proof	clause=4.4; page=21	unconditional; enclosing sort/membership restrictions apply	P3109-BLOCK-CORE; STRING; P3109-SEQUENCE{FormatElt} * (sort Seq{FormatElt} to FormatSeq, op nil to fnil, op cons to fcons); P3109-SEQUENCE{KappaPartElt} * (sort Seq{KappaPartElt} to KappaPartSeq, op nil to knil, op cons to kcons); P3109-SEQUENCE{CodeSeqElt} * (sort Seq{CodeSeqElt} to PartitionSeq, op nil to pnil, op cons to pcons); P3109-SEQUENCE{DeclarationElt} * (sort Seq{DeclarationElt} to DeclarationSeq, op nil to dnil, op cons to dcons); P3109-SEQUENCE{SpecializationElt} * (sort Seq{SpecializationElt} to SpecializationSeq, op nil to snil, op cons to scons); P3109-CONFORMANCE-DATA; P3109-PREDICATES; P3109-SEQUENCE{ObservationElt} * (sort Seq{ObservationElt} to ObservationSeq, op nil to onil, op cons to ocons); P3109-SEQUENCE{ArityEntryElt} * (sort Seq{ArityEntryElt} to ArityTable, op nil to anil, op cons to acons)
lib/conformance.maude	p3109-result-block-elements-numeric	src/conformance.jl	family implementation; source guards reviewed	finite source suites; no universal proof	clause=4.4; page=21	unconditional; enclosing sort/membership restrictions apply	P3109-BLOCK-CORE; STRING; P3109-SEQUENCE{FormatElt} * (sort Seq{FormatElt} to FormatSeq, op nil to fnil, op cons to fcons); P3109-SEQUENCE{KappaPartElt} * (sort Seq{KappaPartElt} to KappaPartSeq, op nil to knil, op cons to kcons); P3109-SEQUENCE{CodeSeqElt} * (sort Seq{CodeSeqElt} to PartitionSeq, op nil to pnil, op cons to pcons); P3109-SEQUENCE{DeclarationElt} * (sort Seq{DeclarationElt} to DeclarationSeq, op nil to dnil, op cons to dcons); P3109-SEQUENCE{SpecializationElt} * (sort Seq{SpecializationElt} to SpecializationSeq, op nil to snil, op cons to scons); P3109-CONFORMANCE-DATA; P3109-PREDICATES; P3109-SEQUENCE{ObservationElt} * (sort Seq{ObservationElt} to ObservationSeq, op nil to onil, op cons to ocons); P3109-SEQUENCE{ArityEntryElt} * (sort Seq{ArityEntryElt} to ArityTable, op nil to anil, op cons to acons)
lib/conformance.maude	p3109-result-block-reduction-numeric	src/conformance.jl	family implementation; source guards reviewed	finite source suites; no universal proof	clause=4.4; page=21	unconditional; enclosing sort/membership restrictions apply	P3109-BLOCK-CORE; STRING; P3109-SEQUENCE{FormatElt} * (sort Seq{FormatElt} to FormatSeq, op nil to fnil, op cons to fcons); P3109-SEQUENCE{KappaPartElt} * (sort Seq{KappaPartElt} to KappaPartSeq, op nil to knil, op cons to kcons); P3109-SEQUENCE{CodeSeqElt} * (sort Seq{CodeSeqElt} to PartitionSeq, op nil to pnil, op cons to pcons); P3109-SEQUENCE{DeclarationElt} * (sort Seq{DeclarationElt} to DeclarationSeq, op nil to dnil, op cons to dcons); P3109-SEQUENCE{SpecializationElt} * (sort Seq{SpecializationElt} to SpecializationSeq, op nil to snil, op cons to scons); P3109-CONFORMANCE-DATA; P3109-PREDICATES; P3109-SEQUENCE{ObservationElt} * (sort Seq{ObservationElt} to ObservationSeq, op nil to onil, op cons to ocons); P3109-SEQUENCE{ArityEntryElt} * (sort Seq{ArityEntryElt} to ArityTable, op nil to anil, op cons to acons)
lib/conformance.maude	p3109-result-block-scale-numeric	src/conformance.jl	family implementation; source guards reviewed	finite source suites; no universal proof	clause=4.4; page=21	unconditional; enclosing sort/membership restrictions apply	P3109-BLOCK-CORE; STRING; P3109-SEQUENCE{FormatElt} * (sort Seq{FormatElt} to FormatSeq, op nil to fnil, op cons to fcons); P3109-SEQUENCE{KappaPartElt} * (sort Seq{KappaPartElt} to KappaPartSeq, op nil to knil, op cons to kcons); P3109-SEQUENCE{CodeSeqElt} * (sort Seq{CodeSeqElt} to PartitionSeq, op nil to pnil, op cons to pcons); P3109-SEQUENCE{DeclarationElt} * (sort Seq{DeclarationElt} to DeclarationSeq, op nil to dnil, op cons to dcons); P3109-SEQUENCE{SpecializationElt} * (sort Seq{SpecializationElt} to SpecializationSeq, op nil to snil, op cons to scons); P3109-CONFORMANCE-DATA; P3109-PREDICATES; P3109-SEQUENCE{ObservationElt} * (sort Seq{ObservationElt} to ObservationSeq, op nil to onil, op cons to ocons); P3109-SEQUENCE{ArityEntryElt} * (sort Seq{ArityEntryElt} to ArityTable, op nil to anil, op cons to acons)
lib/conformance.maude	p3109-declared-exact	src/conformance.jl	family implementation; source guards reviewed	finite source suites; no universal proof	clause=4.6; page=24	unconditional; enclosing sort/membership restrictions apply	P3109-BLOCK-CORE; STRING; P3109-SEQUENCE{FormatElt} * (sort Seq{FormatElt} to FormatSeq, op nil to fnil, op cons to fcons); P3109-SEQUENCE{KappaPartElt} * (sort Seq{KappaPartElt} to KappaPartSeq, op nil to knil, op cons to kcons); P3109-SEQUENCE{CodeSeqElt} * (sort Seq{CodeSeqElt} to PartitionSeq, op nil to pnil, op cons to pcons); P3109-SEQUENCE{DeclarationElt} * (sort Seq{DeclarationElt} to DeclarationSeq, op nil to dnil, op cons to dcons); P3109-SEQUENCE{SpecializationElt} * (sort Seq{SpecializationElt} to SpecializationSeq, op nil to snil, op cons to scons); P3109-CONFORMANCE-DATA; P3109-PREDICATES; P3109-SEQUENCE{ObservationElt} * (sort Seq{ObservationElt} to ObservationSeq, op nil to onil, op cons to ocons); P3109-SEQUENCE{ArityEntryElt} * (sort Seq{ArityEntryElt} to ArityTable, op nil to anil, op cons to acons)
lib/conformance.maude	p3109-declared-approximate	src/conformance.jl	family implementation; source guards reviewed	finite source suites; no universal proof	clause=4.6; page=24	unconditional; enclosing sort/membership restrictions apply	P3109-BLOCK-CORE; STRING; P3109-SEQUENCE{FormatElt} * (sort Seq{FormatElt} to FormatSeq, op nil to fnil, op cons to fcons); P3109-SEQUENCE{KappaPartElt} * (sort Seq{KappaPartElt} to KappaPartSeq, op nil to knil, op cons to kcons); P3109-SEQUENCE{CodeSeqElt} * (sort Seq{CodeSeqElt} to PartitionSeq, op nil to pnil, op cons to pcons); P3109-SEQUENCE{DeclarationElt} * (sort Seq{DeclarationElt} to DeclarationSeq, op nil to dnil, op cons to dcons); P3109-SEQUENCE{SpecializationElt} * (sort Seq{SpecializationElt} to SpecializationSeq, op nil to snil, op cons to scons); P3109-CONFORMANCE-DATA; P3109-PREDICATES; P3109-SEQUENCE{ObservationElt} * (sort Seq{ObservationElt} to ObservationSeq, op nil to onil, op cons to ocons); P3109-SEQUENCE{ArityEntryElt} * (sort Seq{ArityEntryElt} to ArityTable, op nil to anil, op cons to acons)
lib/conformance.maude	p3109-declared-empty	src/conformance.jl	family implementation; source guards reviewed	finite source suites; no universal proof	clause=4.6; page=24	unconditional; enclosing sort/membership restrictions apply	P3109-BLOCK-CORE; STRING; P3109-SEQUENCE{FormatElt} * (sort Seq{FormatElt} to FormatSeq, op nil to fnil, op cons to fcons); P3109-SEQUENCE{KappaPartElt} * (sort Seq{KappaPartElt} to KappaPartSeq, op nil to knil, op cons to kcons); P3109-SEQUENCE{CodeSeqElt} * (sort Seq{CodeSeqElt} to PartitionSeq, op nil to pnil, op cons to pcons); P3109-SEQUENCE{DeclarationElt} * (sort Seq{DeclarationElt} to DeclarationSeq, op nil to dnil, op cons to dcons); P3109-SEQUENCE{SpecializationElt} * (sort Seq{SpecializationElt} to SpecializationSeq, op nil to snil, op cons to scons); P3109-CONFORMANCE-DATA; P3109-PREDICATES; P3109-SEQUENCE{ObservationElt} * (sort Seq{ObservationElt} to ObservationSeq, op nil to onil, op cons to ocons); P3109-SEQUENCE{ArityEntryElt} * (sort Seq{ArityEntryElt} to ArityTable, op nil to anil, op cons to acons)
lib/conformance.maude	p3109-declared-member	src/conformance.jl	family implementation; source guards reviewed	finite source suites; no universal proof	clause=4.6; page=24	unconditional; enclosing sort/membership restrictions apply	P3109-BLOCK-CORE; STRING; P3109-SEQUENCE{FormatElt} * (sort Seq{FormatElt} to FormatSeq, op nil to fnil, op cons to fcons); P3109-SEQUENCE{KappaPartElt} * (sort Seq{KappaPartElt} to KappaPartSeq, op nil to knil, op cons to kcons); P3109-SEQUENCE{CodeSeqElt} * (sort Seq{CodeSeqElt} to PartitionSeq, op nil to pnil, op cons to pcons); P3109-SEQUENCE{DeclarationElt} * (sort Seq{DeclarationElt} to DeclarationSeq, op nil to dnil, op cons to dcons); P3109-SEQUENCE{SpecializationElt} * (sort Seq{SpecializationElt} to SpecializationSeq, op nil to snil, op cons to scons); P3109-CONFORMANCE-DATA; P3109-PREDICATES; P3109-SEQUENCE{ObservationElt} * (sort Seq{ObservationElt} to ObservationSeq, op nil to onil, op cons to ocons); P3109-SEQUENCE{ArityEntryElt} * (sort Seq{ArityEntryElt} to ArityTable, op nil to anil, op cons to acons)
lib/conformance.maude	p3109-declarations-cover-empty	src/conformance.jl	family implementation; source guards reviewed	finite source suites; no universal proof	clause=4.5-4.6; page=22-24	unconditional; enclosing sort/membership restrictions apply	P3109-BLOCK-CORE; STRING; P3109-SEQUENCE{FormatElt} * (sort Seq{FormatElt} to FormatSeq, op nil to fnil, op cons to fcons); P3109-SEQUENCE{KappaPartElt} * (sort Seq{KappaPartElt} to KappaPartSeq, op nil to knil, op cons to kcons); P3109-SEQUENCE{CodeSeqElt} * (sort Seq{CodeSeqElt} to PartitionSeq, op nil to pnil, op cons to pcons); P3109-SEQUENCE{DeclarationElt} * (sort Seq{DeclarationElt} to DeclarationSeq, op nil to dnil, op cons to dcons); P3109-SEQUENCE{SpecializationElt} * (sort Seq{SpecializationElt} to SpecializationSeq, op nil to snil, op cons to scons); P3109-CONFORMANCE-DATA; P3109-PREDICATES; P3109-SEQUENCE{ObservationElt} * (sort Seq{ObservationElt} to ObservationSeq, op nil to onil, op cons to ocons); P3109-SEQUENCE{ArityEntryElt} * (sort Seq{ArityEntryElt} to ArityTable, op nil to anil, op cons to acons)
lib/conformance.maude	p3109-declarations-cover-cons	src/conformance.jl	family implementation; source guards reviewed	finite source suites; no universal proof	clause=4.5-4.6; page=22-24	unconditional; enclosing sort/membership restrictions apply	P3109-BLOCK-CORE; STRING; P3109-SEQUENCE{FormatElt} * (sort Seq{FormatElt} to FormatSeq, op nil to fnil, op cons to fcons); P3109-SEQUENCE{KappaPartElt} * (sort Seq{KappaPartElt} to KappaPartSeq, op nil to knil, op cons to kcons); P3109-SEQUENCE{CodeSeqElt} * (sort Seq{CodeSeqElt} to PartitionSeq, op nil to pnil, op cons to pcons); P3109-SEQUENCE{DeclarationElt} * (sort Seq{DeclarationElt} to DeclarationSeq, op nil to dnil, op cons to dcons); P3109-SEQUENCE{SpecializationElt} * (sort Seq{SpecializationElt} to SpecializationSeq, op nil to snil, op cons to scons); P3109-CONFORMANCE-DATA; P3109-PREDICATES; P3109-SEQUENCE{ObservationElt} * (sort Seq{ObservationElt} to ObservationSeq, op nil to onil, op cons to ocons); P3109-SEQUENCE{ArityEntryElt} * (sort Seq{ArityEntryElt} to ArityTable, op nil to anil, op cons to acons)
lib/conformance.maude	p3109-partition-union-empty	src/conformance.jl	family implementation; source guards reviewed	finite source suites; no universal proof	clause=4.4; page=21	unconditional; enclosing sort/membership restrictions apply	P3109-BLOCK-CORE; STRING; P3109-SEQUENCE{FormatElt} * (sort Seq{FormatElt} to FormatSeq, op nil to fnil, op cons to fcons); P3109-SEQUENCE{KappaPartElt} * (sort Seq{KappaPartElt} to KappaPartSeq, op nil to knil, op cons to kcons); P3109-SEQUENCE{CodeSeqElt} * (sort Seq{CodeSeqElt} to PartitionSeq, op nil to pnil, op cons to pcons); P3109-SEQUENCE{DeclarationElt} * (sort Seq{DeclarationElt} to DeclarationSeq, op nil to dnil, op cons to dcons); P3109-SEQUENCE{SpecializationElt} * (sort Seq{SpecializationElt} to SpecializationSeq, op nil to snil, op cons to scons); P3109-CONFORMANCE-DATA; P3109-PREDICATES; P3109-SEQUENCE{ObservationElt} * (sort Seq{ObservationElt} to ObservationSeq, op nil to onil, op cons to ocons); P3109-SEQUENCE{ArityEntryElt} * (sort Seq{ArityEntryElt} to ArityTable, op nil to anil, op cons to acons)
lib/conformance.maude	p3109-partition-union-cons	src/conformance.jl	family implementation; source guards reviewed	finite source suites; no universal proof	clause=4.4; page=21	unconditional; enclosing sort/membership restrictions apply	P3109-BLOCK-CORE; STRING; P3109-SEQUENCE{FormatElt} * (sort Seq{FormatElt} to FormatSeq, op nil to fnil, op cons to fcons); P3109-SEQUENCE{KappaPartElt} * (sort Seq{KappaPartElt} to KappaPartSeq, op nil to knil, op cons to kcons); P3109-SEQUENCE{CodeSeqElt} * (sort Seq{CodeSeqElt} to PartitionSeq, op nil to pnil, op cons to pcons); P3109-SEQUENCE{DeclarationElt} * (sort Seq{DeclarationElt} to DeclarationSeq, op nil to dnil, op cons to dcons); P3109-SEQUENCE{SpecializationElt} * (sort Seq{SpecializationElt} to SpecializationSeq, op nil to snil, op cons to scons); P3109-CONFORMANCE-DATA; P3109-PREDICATES; P3109-SEQUENCE{ObservationElt} * (sort Seq{ObservationElt} to ObservationSeq, op nil to onil, op cons to ocons); P3109-SEQUENCE{ArityEntryElt} * (sort Seq{ArityEntryElt} to ArityTable, op nil to anil, op cons to acons)
lib/conformance.maude	p3109-partition-disjoint-empty	src/conformance.jl	family implementation; source guards reviewed	finite source suites; no universal proof	clause=4.4; page=21	unconditional; enclosing sort/membership restrictions apply	P3109-BLOCK-CORE; STRING; P3109-SEQUENCE{FormatElt} * (sort Seq{FormatElt} to FormatSeq, op nil to fnil, op cons to fcons); P3109-SEQUENCE{KappaPartElt} * (sort Seq{KappaPartElt} to KappaPartSeq, op nil to knil, op cons to kcons); P3109-SEQUENCE{CodeSeqElt} * (sort Seq{CodeSeqElt} to PartitionSeq, op nil to pnil, op cons to pcons); P3109-SEQUENCE{DeclarationElt} * (sort Seq{DeclarationElt} to DeclarationSeq, op nil to dnil, op cons to dcons); P3109-SEQUENCE{SpecializationElt} * (sort Seq{SpecializationElt} to SpecializationSeq, op nil to snil, op cons to scons); P3109-CONFORMANCE-DATA; P3109-PREDICATES; P3109-SEQUENCE{ObservationElt} * (sort Seq{ObservationElt} to ObservationSeq, op nil to onil, op cons to ocons); P3109-SEQUENCE{ArityEntryElt} * (sort Seq{ArityEntryElt} to ArityTable, op nil to anil, op cons to acons)
lib/conformance.maude	p3109-partition-disjoint-cons	src/conformance.jl	family implementation; source guards reviewed	finite source suites; no universal proof	clause=4.4; page=21	unconditional; enclosing sort/membership restrictions apply	P3109-BLOCK-CORE; STRING; P3109-SEQUENCE{FormatElt} * (sort Seq{FormatElt} to FormatSeq, op nil to fnil, op cons to fcons); P3109-SEQUENCE{KappaPartElt} * (sort Seq{KappaPartElt} to KappaPartSeq, op nil to knil, op cons to kcons); P3109-SEQUENCE{CodeSeqElt} * (sort Seq{CodeSeqElt} to PartitionSeq, op nil to pnil, op cons to pcons); P3109-SEQUENCE{DeclarationElt} * (sort Seq{DeclarationElt} to DeclarationSeq, op nil to dnil, op cons to dcons); P3109-SEQUENCE{SpecializationElt} * (sort Seq{SpecializationElt} to SpecializationSeq, op nil to snil, op cons to scons); P3109-CONFORMANCE-DATA; P3109-PREDICATES; P3109-SEQUENCE{ObservationElt} * (sort Seq{ObservationElt} to ObservationSeq, op nil to onil, op cons to ocons); P3109-SEQUENCE{ArityEntryElt} * (sort Seq{ArityEntryElt} to ArityTable, op nil to anil, op cons to acons)
lib/conformance.maude	p3109-partition-general	src/conformance.jl	family implementation; source guards reviewed	finite source suites; no universal proof	clause=4.4; page=21	unconditional; enclosing sort/membership restrictions apply	P3109-BLOCK-CORE; STRING; P3109-SEQUENCE{FormatElt} * (sort Seq{FormatElt} to FormatSeq, op nil to fnil, op cons to fcons); P3109-SEQUENCE{KappaPartElt} * (sort Seq{KappaPartElt} to KappaPartSeq, op nil to knil, op cons to kcons); P3109-SEQUENCE{CodeSeqElt} * (sort Seq{CodeSeqElt} to PartitionSeq, op nil to pnil, op cons to pcons); P3109-SEQUENCE{DeclarationElt} * (sort Seq{DeclarationElt} to DeclarationSeq, op nil to dnil, op cons to dcons); P3109-SEQUENCE{SpecializationElt} * (sort Seq{SpecializationElt} to SpecializationSeq, op nil to snil, op cons to scons); P3109-CONFORMANCE-DATA; P3109-PREDICATES; P3109-SEQUENCE{ObservationElt} * (sort Seq{ObservationElt} to ObservationSeq, op nil to onil, op cons to ocons); P3109-SEQUENCE{ArityEntryElt} * (sort Seq{ArityEntryElt} to ArityTable, op nil to anil, op cons to acons)
lib/conformance.maude	p3109-block-element-arity-table	src/conformance.jl	family implementation; source guards reviewed	finite source suites; no universal proof	clause=5.5.1-5.5.2; page=64-65; clause=5.7; page=69	unconditional; enclosing sort/membership restrictions apply	P3109-BLOCK-CORE; STRING; P3109-SEQUENCE{FormatElt} * (sort Seq{FormatElt} to FormatSeq, op nil to fnil, op cons to fcons); P3109-SEQUENCE{KappaPartElt} * (sort Seq{KappaPartElt} to KappaPartSeq, op nil to knil, op cons to kcons); P3109-SEQUENCE{CodeSeqElt} * (sort Seq{CodeSeqElt} to PartitionSeq, op nil to pnil, op cons to pcons); P3109-SEQUENCE{DeclarationElt} * (sort Seq{DeclarationElt} to DeclarationSeq, op nil to dnil, op cons to dcons); P3109-SEQUENCE{SpecializationElt} * (sort Seq{SpecializationElt} to SpecializationSeq, op nil to snil, op cons to scons); P3109-CONFORMANCE-DATA; P3109-PREDICATES; P3109-SEQUENCE{ObservationElt} * (sort Seq{ObservationElt} to ObservationSeq, op nil to onil, op cons to ocons); P3109-SEQUENCE{ArityEntryElt} * (sort Seq{ArityEntryElt} to ArityTable, op nil to anil, op cons to acons)
lib/conformance.maude	p3109-block-element-arity	src/conformance.jl	family implementation; source guards reviewed	finite source suites; no universal proof	clause=5.5.1-5.5.2; 5.7; page=64-65; 69	unconditional; enclosing sort/membership restrictions apply	P3109-BLOCK-CORE; STRING; P3109-SEQUENCE{FormatElt} * (sort Seq{FormatElt} to FormatSeq, op nil to fnil, op cons to fcons); P3109-SEQUENCE{KappaPartElt} * (sort Seq{KappaPartElt} to KappaPartSeq, op nil to knil, op cons to kcons); P3109-SEQUENCE{CodeSeqElt} * (sort Seq{CodeSeqElt} to PartitionSeq, op nil to pnil, op cons to pcons); P3109-SEQUENCE{DeclarationElt} * (sort Seq{DeclarationElt} to DeclarationSeq, op nil to dnil, op cons to dcons); P3109-SEQUENCE{SpecializationElt} * (sort Seq{SpecializationElt} to SpecializationSeq, op nil to snil, op cons to scons); P3109-CONFORMANCE-DATA; P3109-PREDICATES; P3109-SEQUENCE{ObservationElt} * (sort Seq{ObservationElt} to ObservationSeq, op nil to onil, op cons to ocons); P3109-SEQUENCE{ArityEntryElt} * (sort Seq{ArityEntryElt} to ArityTable, op nil to anil, op cons to acons)
lib/conformance.maude	p3109-decl-partitioned-valid	src/conformance.jl	family implementation; source guards reviewed	finite source suites; no universal proof	clause=4.4; page=21	unconditional; enclosing sort/membership restrictions apply	P3109-BLOCK-CORE; STRING; P3109-SEQUENCE{FormatElt} * (sort Seq{FormatElt} to FormatSeq, op nil to fnil, op cons to fcons); P3109-SEQUENCE{KappaPartElt} * (sort Seq{KappaPartElt} to KappaPartSeq, op nil to knil, op cons to kcons); P3109-SEQUENCE{CodeSeqElt} * (sort Seq{CodeSeqElt} to PartitionSeq, op nil to pnil, op cons to pcons); P3109-SEQUENCE{DeclarationElt} * (sort Seq{DeclarationElt} to DeclarationSeq, op nil to dnil, op cons to dcons); P3109-SEQUENCE{SpecializationElt} * (sort Seq{SpecializationElt} to SpecializationSeq, op nil to snil, op cons to scons); P3109-CONFORMANCE-DATA; P3109-PREDICATES; P3109-SEQUENCE{ObservationElt} * (sort Seq{ObservationElt} to ObservationSeq, op nil to onil, op cons to ocons); P3109-SEQUENCE{ArityEntryElt} * (sort Seq{ArityEntryElt} to ArityTable, op nil to anil, op cons to acons)
lib/conformance.maude	p3109-decl-partitioned-identity	src/conformance.jl	family implementation; source guards reviewed	finite source suites; no universal proof	clause=4.4; page=21	unconditional; enclosing sort/membership restrictions apply	P3109-BLOCK-CORE; STRING; P3109-SEQUENCE{FormatElt} * (sort Seq{FormatElt} to FormatSeq, op nil to fnil, op cons to fcons); P3109-SEQUENCE{KappaPartElt} * (sort Seq{KappaPartElt} to KappaPartSeq, op nil to knil, op cons to kcons); P3109-SEQUENCE{CodeSeqElt} * (sort Seq{CodeSeqElt} to PartitionSeq, op nil to pnil, op cons to pcons); P3109-SEQUENCE{DeclarationElt} * (sort Seq{DeclarationElt} to DeclarationSeq, op nil to dnil, op cons to dcons); P3109-SEQUENCE{SpecializationElt} * (sort Seq{SpecializationElt} to SpecializationSeq, op nil to snil, op cons to scons); P3109-CONFORMANCE-DATA; P3109-PREDICATES; P3109-SEQUENCE{ObservationElt} * (sort Seq{ObservationElt} to ObservationSeq, op nil to onil, op cons to ocons); P3109-SEQUENCE{ArityEntryElt} * (sort Seq{ArityEntryElt} to ArityTable, op nil to anil, op cons to acons)
lib/conformance.maude	p3109-part-regions-empty	src/conformance.jl	family implementation; source guards reviewed	finite source suites; no universal proof	clause=4.4; page=21	unconditional; enclosing sort/membership restrictions apply	P3109-BLOCK-CORE; STRING; P3109-SEQUENCE{FormatElt} * (sort Seq{FormatElt} to FormatSeq, op nil to fnil, op cons to fcons); P3109-SEQUENCE{KappaPartElt} * (sort Seq{KappaPartElt} to KappaPartSeq, op nil to knil, op cons to kcons); P3109-SEQUENCE{CodeSeqElt} * (sort Seq{CodeSeqElt} to PartitionSeq, op nil to pnil, op cons to pcons); P3109-SEQUENCE{DeclarationElt} * (sort Seq{DeclarationElt} to DeclarationSeq, op nil to dnil, op cons to dcons); P3109-SEQUENCE{SpecializationElt} * (sort Seq{SpecializationElt} to SpecializationSeq, op nil to snil, op cons to scons); P3109-CONFORMANCE-DATA; P3109-PREDICATES; P3109-SEQUENCE{ObservationElt} * (sort Seq{ObservationElt} to ObservationSeq, op nil to onil, op cons to ocons); P3109-SEQUENCE{ArityEntryElt} * (sort Seq{ArityEntryElt} to ArityTable, op nil to anil, op cons to acons)
lib/conformance.maude	p3109-part-regions-cons	src/conformance.jl	family implementation; source guards reviewed	finite source suites; no universal proof	clause=4.4; page=21	unconditional; enclosing sort/membership restrictions apply	P3109-BLOCK-CORE; STRING; P3109-SEQUENCE{FormatElt} * (sort Seq{FormatElt} to FormatSeq, op nil to fnil, op cons to fcons); P3109-SEQUENCE{KappaPartElt} * (sort Seq{KappaPartElt} to KappaPartSeq, op nil to knil, op cons to kcons); P3109-SEQUENCE{CodeSeqElt} * (sort Seq{CodeSeqElt} to PartitionSeq, op nil to pnil, op cons to pcons); P3109-SEQUENCE{DeclarationElt} * (sort Seq{DeclarationElt} to DeclarationSeq, op nil to dnil, op cons to dcons); P3109-SEQUENCE{SpecializationElt} * (sort Seq{SpecializationElt} to SpecializationSeq, op nil to snil, op cons to scons); P3109-CONFORMANCE-DATA; P3109-PREDICATES; P3109-SEQUENCE{ObservationElt} * (sort Seq{ObservationElt} to ObservationSeq, op nil to onil, op cons to ocons); P3109-SEQUENCE{ArityEntryElt} * (sort Seq{ArityEntryElt} to ArityTable, op nil to anil, op cons to acons)
lib/conformance.maude	p3109-part-bound-empty	src/conformance.jl	family implementation; source guards reviewed	finite source suites; no universal proof	clause=4.4; page=21	unconditional; enclosing sort/membership restrictions apply	P3109-BLOCK-CORE; STRING; P3109-SEQUENCE{FormatElt} * (sort Seq{FormatElt} to FormatSeq, op nil to fnil, op cons to fcons); P3109-SEQUENCE{KappaPartElt} * (sort Seq{KappaPartElt} to KappaPartSeq, op nil to knil, op cons to kcons); P3109-SEQUENCE{CodeSeqElt} * (sort Seq{CodeSeqElt} to PartitionSeq, op nil to pnil, op cons to pcons); P3109-SEQUENCE{DeclarationElt} * (sort Seq{DeclarationElt} to DeclarationSeq, op nil to dnil, op cons to dcons); P3109-SEQUENCE{SpecializationElt} * (sort Seq{SpecializationElt} to SpecializationSeq, op nil to snil, op cons to scons); P3109-CONFORMANCE-DATA; P3109-PREDICATES; P3109-SEQUENCE{ObservationElt} * (sort Seq{ObservationElt} to ObservationSeq, op nil to onil, op cons to ocons); P3109-SEQUENCE{ArityEntryElt} * (sort Seq{ArityEntryElt} to ArityTable, op nil to anil, op cons to acons)
lib/conformance.maude	p3109-part-bound-cons	src/conformance.jl	family implementation; source guards reviewed	finite source suites; no universal proof	clause=4.4; page=21	unconditional; enclosing sort/membership restrictions apply	P3109-BLOCK-CORE; STRING; P3109-SEQUENCE{FormatElt} * (sort Seq{FormatElt} to FormatSeq, op nil to fnil, op cons to fcons); P3109-SEQUENCE{KappaPartElt} * (sort Seq{KappaPartElt} to KappaPartSeq, op nil to knil, op cons to kcons); P3109-SEQUENCE{CodeSeqElt} * (sort Seq{CodeSeqElt} to PartitionSeq, op nil to pnil, op cons to pcons); P3109-SEQUENCE{DeclarationElt} * (sort Seq{DeclarationElt} to DeclarationSeq, op nil to dnil, op cons to dcons); P3109-SEQUENCE{SpecializationElt} * (sort Seq{SpecializationElt} to SpecializationSeq, op nil to snil, op cons to scons); P3109-CONFORMANCE-DATA; P3109-PREDICATES; P3109-SEQUENCE{ObservationElt} * (sort Seq{ObservationElt} to ObservationSeq, op nil to onil, op cons to ocons); P3109-SEQUENCE{ArityEntryElt} * (sort Seq{ArityEntryElt} to ArityTable, op nil to anil, op cons to acons)
lib/conformance.maude	p3109-decl-exact-kappa	src/conformance.jl	family implementation; source guards reviewed	finite source suites; no universal proof	clause=4.4; page=21	wellFormedDeclaration(exact(S, NAME, E)) /\ numericResult(S)	P3109-BLOCK-CORE; STRING; P3109-SEQUENCE{FormatElt} * (sort Seq{FormatElt} to FormatSeq, op nil to fnil, op cons to fcons); P3109-SEQUENCE{KappaPartElt} * (sort Seq{KappaPartElt} to KappaPartSeq, op nil to knil, op cons to kcons); P3109-SEQUENCE{CodeSeqElt} * (sort Seq{CodeSeqElt} to PartitionSeq, op nil to pnil, op cons to pcons); P3109-SEQUENCE{DeclarationElt} * (sort Seq{DeclarationElt} to DeclarationSeq, op nil to dnil, op cons to dcons); P3109-SEQUENCE{SpecializationElt} * (sort Seq{SpecializationElt} to SpecializationSeq, op nil to snil, op cons to scons); P3109-CONFORMANCE-DATA; P3109-PREDICATES; P3109-SEQUENCE{ObservationElt} * (sort Seq{ObservationElt} to ObservationSeq, op nil to onil, op cons to ocons); P3109-SEQUENCE{ArityEntryElt} * (sort Seq{ArityEntryElt} to ArityTable, op nil to anil, op cons to acons)
lib/conformance.maude	p3109-decl-approx-kappa	src/conformance.jl	family implementation; source guards reviewed	finite source suites; no universal proof	clause=4.4; page=21	wellFormedDeclaration(approximate(S, NAME, K, E))	P3109-BLOCK-CORE; STRING; P3109-SEQUENCE{FormatElt} * (sort Seq{FormatElt} to FormatSeq, op nil to fnil, op cons to fcons); P3109-SEQUENCE{KappaPartElt} * (sort Seq{KappaPartElt} to KappaPartSeq, op nil to knil, op cons to kcons); P3109-SEQUENCE{CodeSeqElt} * (sort Seq{CodeSeqElt} to PartitionSeq, op nil to pnil, op cons to pcons); P3109-SEQUENCE{DeclarationElt} * (sort Seq{DeclarationElt} to DeclarationSeq, op nil to dnil, op cons to dcons); P3109-SEQUENCE{SpecializationElt} * (sort Seq{SpecializationElt} to SpecializationSeq, op nil to snil, op cons to scons); P3109-CONFORMANCE-DATA; P3109-PREDICATES; P3109-SEQUENCE{ObservationElt} * (sort Seq{ObservationElt} to ObservationSeq, op nil to onil, op cons to ocons); P3109-SEQUENCE{ArityEntryElt} * (sort Seq{ArityEntryElt} to ArityTable, op nil to anil, op cons to acons)
lib/conformance.maude	p3109-decl-partition-kappa	src/conformance.jl	family implementation; source guards reviewed	finite source suites; no universal proof	clause=4.4; page=21	wellFormedDeclaration(partitioned(S, NAME, CS, KP, E))	P3109-BLOCK-CORE; STRING; P3109-SEQUENCE{FormatElt} * (sort Seq{FormatElt} to FormatSeq, op nil to fnil, op cons to fcons); P3109-SEQUENCE{KappaPartElt} * (sort Seq{KappaPartElt} to KappaPartSeq, op nil to knil, op cons to kcons); P3109-SEQUENCE{CodeSeqElt} * (sort Seq{CodeSeqElt} to PartitionSeq, op nil to pnil, op cons to pcons); P3109-SEQUENCE{DeclarationElt} * (sort Seq{DeclarationElt} to DeclarationSeq, op nil to dnil, op cons to dcons); P3109-SEQUENCE{SpecializationElt} * (sort Seq{SpecializationElt} to SpecializationSeq, op nil to snil, op cons to scons); P3109-CONFORMANCE-DATA; P3109-PREDICATES; P3109-SEQUENCE{ObservationElt} * (sort Seq{ObservationElt} to ObservationSeq, op nil to onil, op cons to ocons); P3109-SEQUENCE{ArityEntryElt} * (sort Seq{ArityEntryElt} to ArityTable, op nil to anil, op cons to acons)
lib/format-core.maude	p3109-format-core-001	src/formats.jl	family implementation; source guards reviewed	finite source suites; no universal proof	clause=3.1-3.2; 4.14; page=16-17; 58	unconditional; enclosing sort/membership restrictions apply	INT
lib/format-core.maude	p3109-format-core-002	src/formats.jl	family implementation; source guards reviewed	finite source suites; no universal proof	clause=3.1-3.2; 4.14; page=16-17; 58	unconditional; enclosing sort/membership restrictions apply	INT
lib/format-core.maude	p3109-format-core-003	src/formats.jl	family implementation; source guards reviewed	finite source suites; no universal proof	clause=3.1-3.2; 4.14; page=16-17; 58	validFormat(Binary(K, P, S, D))	INT
lib/format-core.maude	p3109-format-core-004	src/formats.jl	family implementation; source guards reviewed	finite source suites; no universal proof	clause=3.1-3.2; 4.14; page=16-17; 58	validFormat(Binary(K, P, S, D))	INT
lib/format-core.maude	p3109-format-core-005	src/formats.jl	family implementation; source guards reviewed	finite source suites; no universal proof	clause=3.1-3.2; 4.14; page=16-17; 58	validFormat(Binary(K, P, S, D))	INT
lib/format-core.maude	p3109-format-core-006	src/formats.jl	family implementation; source guards reviewed	finite source suites; no universal proof	clause=3.1-3.2; 4.14; page=16-17; 58	validFormat(Binary(K, P, S, D))	INT
lib/format-core.maude	p3109-format-core-007	src/formats.jl	family implementation; source guards reviewed	finite source suites; no universal proof	clause=3.1-3.2; 4.14; page=16-17; 58	validFormat(Binary(K, P, S, D))	INT
lib/format-core.maude	p3109-format-core-008	src/formats.jl	family implementation; source guards reviewed	finite source suites; no universal proof	clause=3.1-3.2; 4.14; page=16-17; 58	validFormat(F)	INT
lib/format-core.maude	p3109-format-core-009	src/formats.jl	family implementation; source guards reviewed	finite source suites; no universal proof	clause=3.1-3.2; 4.14; page=16-17; 58	validFormat(F)	INT
lib/format-core.maude	p3109-format-core-015	src/formats.jl	family implementation; source guards reviewed	finite source suites; no universal proof	clause=3.1-3.2; 4.14; page=16-17; 58	unconditional; enclosing sort/membership restrictions apply	INT
lib/format-core.maude	p3109-format-core-016	src/formats.jl	family implementation; source guards reviewed	finite source suites; no universal proof	clause=3.1-3.2; 4.14; page=16-17; 58	unconditional; enclosing sort/membership restrictions apply	INT
lib/format-core.maude	p3109-format-core-017	src/formats.jl	family implementation; source guards reviewed	finite source suites; no universal proof	clause=3.1-3.2; 4.14; page=16-17; 58	unconditional; enclosing sort/membership restrictions apply	INT
lib/format-core.maude	p3109-format-core-018	src/formats.jl	family implementation; source guards reviewed	finite source suites; no universal proof	clause=3.1-3.2; 4.14; page=16-17; 58	unconditional; enclosing sort/membership restrictions apply	INT
lib/format-core.maude	p3109-format-core-019	src/formats.jl	family implementation; source guards reviewed	finite source suites; no universal proof	clause=3.1-3.2; 4.14; page=16-17; 58	unconditional; enclosing sort/membership restrictions apply	INT
lib/format-core.maude	p3109-format-core-020	src/formats.jl	family implementation; source guards reviewed	finite source suites; no universal proof	clause=3.1-3.2; 4.14; page=16-17; 58	unconditional; enclosing sort/membership restrictions apply	INT
lib/format-core.maude	p3109-format-core-021	src/formats.jl	family implementation; source guards reviewed	finite source suites; no universal proof	clause=3.1-3.2; 4.14; page=16-17; 58	unconditional; enclosing sort/membership restrictions apply	INT
lib/format-core.maude	p3109-format-core-023	src/formats.jl	family implementation; source guards reviewed	finite source suites; no universal proof	clause=3.1-3.2; 4.14; page=16-17; 58	unconditional; enclosing sort/membership restrictions apply	INT
lib/format-core.maude	p3109-format-core-024	src/formats.jl	family implementation; source guards reviewed	finite source suites; no universal proof	clause=3.1-3.2; 4.14; page=16-17; 58	unconditional; enclosing sort/membership restrictions apply	INT
lib/format-core.maude	p3109-format-core-025	src/formats.jl	family implementation; source guards reviewed	finite source suites; no universal proof	clause=3.1-3.2; 4.14; page=16-17; 58	unconditional; enclosing sort/membership restrictions apply	INT
lib/format-core.maude	p3109-format-core-026	src/formats.jl	family implementation; source guards reviewed	finite source suites; no universal proof	clause=3.1-3.2; 4.14; page=16-17; 58	unconditional; enclosing sort/membership restrictions apply	INT
lib/format-core.maude	p3109-format-core-027	src/formats.jl	family implementation; source guards reviewed	finite source suites; no universal proof	clause=3.1-3.2; 4.14; page=16-17; 58	unconditional; enclosing sort/membership restrictions apply	INT
lib/format-core.maude	p3109-format-core-028	src/formats.jl	family implementation; source guards reviewed	finite source suites; no universal proof	clause=3.1-3.2; 4.14; page=16-17; 58	unconditional; enclosing sort/membership restrictions apply	INT
lib/format-core.maude	p3109-format-core-029	src/formats.jl	family implementation; source guards reviewed	finite source suites; no universal proof	clause=3.1-3.2; 4.14; page=16-17; 58	unconditional; enclosing sort/membership restrictions apply	INT
lib/format-core.maude	p3109-format-core-031	src/formats.jl	family implementation; source guards reviewed	finite source suites; no universal proof	clause=3.1-3.2; 4.14; page=16-17; 58	unconditional; enclosing sort/membership restrictions apply	INT
lib/format-core.maude	p3109-format-core-032	src/formats.jl	family implementation; source guards reviewed	finite source suites; no universal proof	clause=3.1-3.2; 4.14; page=16-17; 58	unconditional; enclosing sort/membership restrictions apply	INT
lib/format-core.maude	p3109-format-core-033	src/formats.jl	family implementation; source guards reviewed	finite source suites; no universal proof	clause=3.1-3.2; 4.14; page=16-17; 58	unconditional; enclosing sort/membership restrictions apply	INT
lib/format-core.maude	p3109-format-core-034	src/formats.jl	family implementation; source guards reviewed	finite source suites; no universal proof	clause=3.1-3.2; 4.14; page=16-17; 58	unconditional; enclosing sort/membership restrictions apply	INT
lib/format-core.maude	p3109-format-core-035	src/formats.jl	family implementation; source guards reviewed	finite source suites; no universal proof	clause=3.1-3.2; 4.14; page=16-17; 58	unconditional; enclosing sort/membership restrictions apply	INT
lib/format-core.maude	p3109-format-core-036	src/formats.jl	family implementation; source guards reviewed	finite source suites; no universal proof	clause=3.1-3.2; 4.14; page=16-17; 58	unconditional; enclosing sort/membership restrictions apply	INT
lib/format-core.maude	p3109-format-core-037	src/formats.jl	family implementation; source guards reviewed	finite source suites; no universal proof	clause=3.1-3.2; 4.14; page=16-17; 58	unconditional; enclosing sort/membership restrictions apply	INT
lib/format-core.maude	p3109-format-core-039	src/formats.jl	family implementation; source guards reviewed	finite source suites; no universal proof	clause=3.1-3.2; 4.14; page=16-17; 58	unconditional; enclosing sort/membership restrictions apply	INT
lib/format-core.maude	p3109-format-core-040	src/formats.jl	family implementation; source guards reviewed	finite source suites; no universal proof	clause=3.1-3.2; 4.14; page=16-17; 58	unconditional; enclosing sort/membership restrictions apply	INT
lib/format-core.maude	p3109-format-core-041	src/formats.jl	family implementation; source guards reviewed	finite source suites; no universal proof	clause=3.1-3.2; 4.14; page=16-17; 58	unconditional; enclosing sort/membership restrictions apply	INT
lib/format-core.maude	p3109-format-core-042	src/formats.jl	family implementation; source guards reviewed	finite source suites; no universal proof	clause=3.1-3.2; 4.14; page=16-17; 58	unconditional; enclosing sort/membership restrictions apply	INT
lib/format-core.maude	p3109-format-core-043	src/formats.jl	family implementation; source guards reviewed	finite source suites; no universal proof	clause=3.1-3.2; 4.14; page=16-17; 58	unconditional; enclosing sort/membership restrictions apply	INT
lib/format-core.maude	p3109-format-core-044	src/formats.jl	family implementation; source guards reviewed	finite source suites; no universal proof	clause=3.1-3.2; 4.14; page=16-17; 58	unconditional; enclosing sort/membership restrictions apply	INT
lib/format-core.maude	p3109-format-core-045	src/formats.jl	family implementation; source guards reviewed	finite source suites; no universal proof	clause=3.1-3.2; 4.14; page=16-17; 58	unconditional; enclosing sort/membership restrictions apply	INT
lib/format-names.maude	p3109-format-core-010	src/formats.jl	family implementation; source guards reviewed	finite source suites; no universal proof	clause=3.1-3.2; 4.14; page=16-17; 58	validFormat(Binary(K, P, S, D))	P3109-FORMAT-CORE; CONVERSION
lib/format-names.maude	p3109-format-core-011	src/formats.jl	family implementation; source guards reviewed	finite source suites; no universal proof	clause=3.1-3.2; 4.14; page=16-17; 58	unconditional; enclosing sort/membership restrictions apply	P3109-FORMAT-CORE; CONVERSION
lib/format-names.maude	p3109-format-core-012	src/formats.jl	family implementation; source guards reviewed	finite source suites; no universal proof	clause=3.1-3.2; 4.14; page=16-17; 58	unconditional; enclosing sort/membership restrictions apply	P3109-FORMAT-CORE; CONVERSION
lib/format-names.maude	p3109-format-core-013	src/formats.jl	family implementation; source guards reviewed	finite source suites; no universal proof	clause=3.1-3.2; 4.14; page=16-17; 58	unconditional; enclosing sort/membership restrictions apply	P3109-FORMAT-CORE; CONVERSION
lib/format-names.maude	p3109-format-core-014	src/formats.jl	family implementation; source guards reviewed	finite source suites; no universal proof	clause=3.1-3.2; 4.14; page=16-17; 58	unconditional; enclosing sort/membership restrictions apply	P3109-FORMAT-CORE; CONVERSION
lib/format-names.maude	p3109-format-core-022	src/formats.jl	family implementation; source guards reviewed	finite source suites; no universal proof	clause=3.1-3.2; 4.14; page=16-17; 58	unconditional; enclosing sort/membership restrictions apply	P3109-FORMAT-CORE; CONVERSION
lib/format-names.maude	p3109-format-core-030	src/formats.jl	family implementation; source guards reviewed	finite source suites; no universal proof	clause=3.1-3.2; 4.14; page=16-17; 58	unconditional; enclosing sort/membership restrictions apply	P3109-FORMAT-CORE; CONVERSION
lib/format-names.maude	p3109-format-core-038	src/formats.jl	family implementation; source guards reviewed	finite source suites; no universal proof	clause=3.1-3.2; 4.14; page=16-17; 58	unconditional; enclosing sort/membership restrictions apply	P3109-FORMAT-CORE; CONVERSION
lib/format-names.maude	p3109-format-core-046	src/formats.jl	family implementation; source guards reviewed	finite source suites; no universal proof	clause=3.1-3.2; 4.14; page=16-17; 58	unconditional; enclosing sort/membership restrictions apply	P3109-FORMAT-CORE; CONVERSION
lib/format-queries.maude	p3109-format-queries-001	src/formats.jl	family implementation; source guards reviewed	finite source suites; no universal proof	clause=4.14; page=58	validFormat(F) /\ internalFormat(F)	P3109-CODEC
lib/format-queries.maude	p3109-format-queries-002	src/formats.jl	family implementation; source guards reviewed	finite source suites; no universal proof	clause=4.14; page=58	SignednessOf(F) == Signed then MaxFiniteOf(F) + 2 ^ (BitwidthOf(F) - 1) else 0 fi if validFormat(F) /\ internalFormat(F)	P3109-CODEC
lib/format-queries.maude	p3109-format-queries-003	src/formats.jl	family implementation; source guards reviewed	finite source suites; no universal proof	clause=4.14; page=58	validFormat(F) /\ internalFormat(F)	P3109-CODEC
lib/format-queries.maude	p3109-format-queries-004	src/formats.jl	family implementation; source guards reviewed	finite source suites; no universal proof	clause=4.14; page=58	PrecisionOf(F) == 1 then nanCode(F) else 2 ^ (PrecisionOf(F) - 1) - 1 fi if validFormat(F) /\ internalFormat(F)	P3109-CODEC
lib/format-queries.maude	p3109-format-queries-005	src/formats.jl	family implementation; source guards reviewed	finite source suites; no universal proof	clause=4.14; page=58	validFormat(F) /\ internalFormat(F)	P3109-CODEC
lib/format-queries.maude	p3109-format-queries-006	src/formats.jl	family implementation; source guards reviewed	finite source suites; no universal proof	clause=4.14; page=58	validFormat(F) /\ not internalFormat(F)	P3109-CODEC
lib/format-queries.maude	p3109-format-queries-007	src/formats.jl	family implementation; source guards reviewed	finite source suites; no universal proof	clause=4.14; page=58	validFormat(F) /\ not internalFormat(F)	P3109-CODEC
lib/format-queries.maude	p3109-format-queries-008	src/formats.jl	family implementation; source guards reviewed	finite source suites; no universal proof	clause=4.14; page=58	validFormat(F) /\ not internalFormat(F)	P3109-CODEC
lib/format-queries.maude	p3109-format-queries-009	src/formats.jl	family implementation; source guards reviewed	finite source suites; no universal proof	clause=4.14; page=58	validFormat(F) /\ not internalFormat(F)	P3109-CODEC
lib/format-queries.maude	p3109-format-queries-010	src/formats.jl	family implementation; source guards reviewed	finite source suites; no universal proof	clause=4.14; page=58	validFormat(F) /\ not internalFormat(F)	P3109-CODEC
lib/omega-arithmetic.maude	p3109-omega-arithmetic-001	src/arithmetic.jl	family implementation; source guards reviewed	finite source suites; no universal proof	clause=4.9-4.10.8; page=32-40	unconditional; enclosing sort/membership restrictions apply	P3109-RATIONAL-MATH
lib/omega-arithmetic.maude	p3109-omega-arithmetic-002	src/arithmetic.jl	family implementation; source guards reviewed	finite source suites; no universal proof	clause=4.9-4.10.8; page=32-40	unconditional; enclosing sort/membership restrictions apply	P3109-RATIONAL-MATH
lib/omega-arithmetic.maude	p3109-omega-arithmetic-003	src/arithmetic.jl	family implementation; source guards reviewed	finite source suites; no universal proof	clause=4.9-4.10.8; page=32-40	unconditional; enclosing sort/membership restrictions apply	P3109-RATIONAL-MATH
lib/omega-arithmetic.maude	p3109-omega-arithmetic-004	src/arithmetic.jl	family implementation; source guards reviewed	finite source suites; no universal proof	clause=4.9-4.10.8; page=32-40	unconditional; enclosing sort/membership restrictions apply	P3109-RATIONAL-MATH
lib/omega-arithmetic.maude	p3109-omega-arithmetic-005	src/arithmetic.jl	family implementation; source guards reviewed	finite source suites; no universal proof	clause=4.9-4.10.8; page=32-40	unconditional; enclosing sort/membership restrictions apply	P3109-RATIONAL-MATH
lib/omega-arithmetic.maude	p3109-omega-arithmetic-006	src/arithmetic.jl	family implementation; source guards reviewed	finite source suites; no universal proof	clause=4.9-4.10.8; page=32-40	unconditional; enclosing sort/membership restrictions apply	P3109-RATIONAL-MATH
lib/omega-arithmetic.maude	p3109-omega-arithmetic-007	src/arithmetic.jl	family implementation; source guards reviewed	finite source suites; no universal proof	clause=4.9-4.10.8; page=32-40	unconditional; enclosing sort/membership restrictions apply	P3109-RATIONAL-MATH
lib/omega-arithmetic.maude	p3109-omega-arithmetic-008	src/arithmetic.jl	family implementation; source guards reviewed	finite source suites; no universal proof	clause=4.9-4.10.8; page=32-40	unconditional; enclosing sort/membership restrictions apply	P3109-RATIONAL-MATH
lib/omega-arithmetic.maude	p3109-omega-arithmetic-009	src/arithmetic.jl	family implementation; source guards reviewed	finite source suites; no universal proof	clause=4.9-4.10.8; page=32-40	unconditional; enclosing sort/membership restrictions apply	P3109-RATIONAL-MATH
lib/omega-arithmetic.maude	p3109-omega-arithmetic-010	src/arithmetic.jl	family implementation; source guards reviewed	finite source suites; no universal proof	clause=4.9-4.10.8; page=32-40	unconditional; enclosing sort/membership restrictions apply	P3109-RATIONAL-MATH
lib/omega-arithmetic.maude	p3109-omega-arithmetic-011	src/arithmetic.jl	family implementation; source guards reviewed	finite source suites; no universal proof	clause=4.9-4.10.8; page=32-40	xMinus(B)	P3109-RATIONAL-MATH
lib/omega-arithmetic.maude	p3109-omega-arithmetic-012	src/arithmetic.jl	family implementation; source guards reviewed	finite source suites; no universal proof	clause=4.9-4.10.8; page=32-40	xMinus(B) == false	P3109-RATIONAL-MATH
lib/omega-arithmetic.maude	p3109-omega-arithmetic-013	src/arithmetic.jl	family implementation; source guards reviewed	finite source suites; no universal proof	clause=4.9-4.10.8; page=32-40	unconditional; enclosing sort/membership restrictions apply	P3109-RATIONAL-MATH
lib/omega-arithmetic.maude	p3109-omega-arithmetic-014	src/arithmetic.jl	family implementation; source guards reviewed	finite source suites; no universal proof	clause=4.9-4.10.8; page=32-40	unconditional; enclosing sort/membership restrictions apply	P3109-RATIONAL-MATH
lib/omega-arithmetic.maude	p3109-omega-arithmetic-015	src/arithmetic.jl	family implementation; source guards reviewed	finite source suites; no universal proof	clause=4.9-4.10.8; page=32-40	unconditional; enclosing sort/membership restrictions apply	P3109-RATIONAL-MATH
lib/omega-arithmetic.maude	p3109-omega-arithmetic-016	src/arithmetic.jl	family implementation; source guards reviewed	finite source suites; no universal proof	clause=4.9-4.10.8; page=32-40	unconditional; enclosing sort/membership restrictions apply	P3109-RATIONAL-MATH
lib/omega-arithmetic.maude	p3109-omega-arithmetic-017	src/arithmetic.jl	family implementation; source guards reviewed	finite source suites; no universal proof	clause=4.9-4.10.8; page=32-40	unconditional; enclosing sort/membership restrictions apply	P3109-RATIONAL-MATH
lib/omega-arithmetic.maude	p3109-omega-arithmetic-018	src/arithmetic.jl	family implementation; source guards reviewed	finite source suites; no universal proof	clause=4.9-4.10.8; page=32-40	unconditional; enclosing sort/membership restrictions apply	P3109-RATIONAL-MATH
lib/omega-arithmetic.maude	p3109-omega-arithmetic-019	src/arithmetic.jl	family implementation; source guards reviewed	finite source suites; no universal proof	clause=4.9-4.10.8; page=32-40	unconditional; enclosing sort/membership restrictions apply	P3109-RATIONAL-MATH
lib/omega-arithmetic.maude	p3109-omega-arithmetic-020	src/arithmetic.jl	family implementation; source guards reviewed	finite source suites; no universal proof	clause=4.9-4.10.8; page=32-40	unconditional; enclosing sort/membership restrictions apply	P3109-RATIONAL-MATH
lib/omega-arithmetic.maude	p3109-omega-arithmetic-021	src/arithmetic.jl	family implementation; source guards reviewed	finite source suites; no universal proof	clause=4.9-4.10.8; page=32-40	unconditional; enclosing sort/membership restrictions apply	P3109-RATIONAL-MATH
lib/omega-arithmetic.maude	p3109-omega-arithmetic-022	src/arithmetic.jl	family implementation; source guards reviewed	finite source suites; no universal proof	clause=4.9-4.10.8; page=32-40	unconditional; enclosing sort/membership restrictions apply	P3109-RATIONAL-MATH
lib/omega-arithmetic.maude	p3109-omega-arithmetic-023	src/arithmetic.jl	family implementation; source guards reviewed	finite source suites; no universal proof	clause=4.9-4.10.8; page=32-40	unconditional; enclosing sort/membership restrictions apply	P3109-RATIONAL-MATH
lib/omega-arithmetic.maude	p3109-omega-arithmetic-024	src/arithmetic.jl	family implementation; source guards reviewed	finite source suites; no universal proof	clause=4.9-4.10.8; page=32-40	xMinus(I) == xMinus(J) then posInf else negInf fi	P3109-RATIONAL-MATH
lib/omega-arithmetic.maude	p3109-omega-arithmetic-025	src/arithmetic.jl	family implementation; source guards reviewed	finite source suites; no universal proof	clause=4.9-4.10.8; page=32-40	unconditional; enclosing sort/membership restrictions apply	P3109-RATIONAL-MATH
lib/omega-arithmetic.maude	p3109-omega-arithmetic-026	src/arithmetic.jl	family implementation; source guards reviewed	finite source suites; no universal proof	clause=4.9-4.10.8; page=32-40	xMinus(I) == (R < 0) then posInf else negInf fi if R =/= 0	P3109-RATIONAL-MATH
lib/omega-arithmetic.maude	p3109-omega-arithmetic-027	src/arithmetic.jl	family implementation; source guards reviewed	finite source suites; no universal proof	clause=4.9-4.10.8; page=32-40	unconditional; enclosing sort/membership restrictions apply	P3109-RATIONAL-MATH
lib/omega-arithmetic.maude	p3109-omega-arithmetic-028	src/arithmetic.jl	family implementation; source guards reviewed	finite source suites; no universal proof	clause=4.9-4.10.8; page=32-40	unconditional; enclosing sort/membership restrictions apply	P3109-RATIONAL-MATH
lib/omega-arithmetic.maude	p3109-omega-arithmetic-029	src/arithmetic.jl	family implementation; source guards reviewed	finite source suites; no universal proof	clause=4.9-4.10.8; page=32-40	unconditional; enclosing sort/membership restrictions apply	P3109-RATIONAL-MATH
lib/omega-arithmetic.maude	p3109-omega-arithmetic-030	src/arithmetic.jl	family implementation; source guards reviewed	finite source suites; no universal proof	clause=4.9-4.10.8; page=32-40	unconditional; enclosing sort/membership restrictions apply	P3109-RATIONAL-MATH
lib/omega-arithmetic.maude	p3109-omega-arithmetic-031	src/arithmetic.jl	family implementation; source guards reviewed	finite source suites; no universal proof	clause=4.9-4.10.8; page=32-40	unconditional; enclosing sort/membership restrictions apply	P3109-RATIONAL-MATH
lib/omega-arithmetic.maude	p3109-omega-arithmetic-032	src/arithmetic.jl	family implementation; source guards reviewed	finite source suites; no universal proof	clause=4.9-4.10.8; page=32-40	unconditional; enclosing sort/membership restrictions apply	P3109-RATIONAL-MATH
lib/omega-arithmetic.maude	p3109-omega-arithmetic-033	src/arithmetic.jl	family implementation; source guards reviewed	finite source suites; no universal proof	clause=4.9-4.10.8; page=32-40	xMinus(I) == (R < 0) then posInf else negInf fi if R =/= 0	P3109-RATIONAL-MATH
lib/omega-arithmetic.maude	p3109-omega-arithmetic-034	src/arithmetic.jl	family implementation; source guards reviewed	finite source suites; no universal proof	clause=4.9-4.10.8; page=32-40	unconditional; enclosing sort/membership restrictions apply	P3109-RATIONAL-MATH
lib/omega-arithmetic.maude	p3109-omega-arithmetic-035	src/arithmetic.jl	family implementation; source guards reviewed	finite source suites; no universal proof	clause=4.9-4.10.8; page=32-40	S =/= 0	P3109-RATIONAL-MATH
lib/omega-arithmetic.maude	p3109-omega-arithmetic-036	src/arithmetic.jl	family implementation; source guards reviewed	finite source suites; no universal proof	clause=4.9-4.10.8; page=32-40	unconditional; enclosing sort/membership restrictions apply	P3109-RATIONAL-MATH
lib/omega-arithmetic.maude	p3109-omega-arithmetic-037	src/arithmetic.jl	family implementation; source guards reviewed	finite source suites; no universal proof	clause=4.9-4.10.8; page=32-40	unconditional; enclosing sort/membership restrictions apply	P3109-RATIONAL-MATH
lib/omega-arithmetic.maude	p3109-omega-arithmetic-038	src/arithmetic.jl	family implementation; source guards reviewed	finite source suites; no universal proof	clause=4.9-4.10.8; page=32-40	unconditional; enclosing sort/membership restrictions apply	P3109-RATIONAL-MATH
lib/omega-extrema.maude	p3109-omega-extrema-001	src/arithmetic.jl	family implementation; source guards reviewed	finite source suites; no universal proof	clause=4.11; page=49-52	unconditional; enclosing sort/membership restrictions apply	P3109-OMEGA-ARITHMETIC
lib/omega-extrema.maude	p3109-omega-extrema-002	src/arithmetic.jl	family implementation; source guards reviewed	finite source suites; no universal proof	clause=4.11; page=49-52	unconditional; enclosing sort/membership restrictions apply	P3109-OMEGA-ARITHMETIC
lib/omega-extrema.maude	p3109-omega-extrema-003	src/arithmetic.jl	family implementation; source guards reviewed	finite source suites; no universal proof	clause=4.11; page=49-52	xLt(A, B)	P3109-OMEGA-ARITHMETIC
lib/omega-extrema.maude	p3109-omega-extrema-004	src/arithmetic.jl	family implementation; source guards reviewed	finite source suites; no universal proof	clause=4.11; page=49-52	xLe(B, A)	P3109-OMEGA-ARITHMETIC
lib/omega-extrema.maude	p3109-omega-extrema-005	src/arithmetic.jl	family implementation; source guards reviewed	finite source suites; no universal proof	clause=4.11; page=49-52	unconditional; enclosing sort/membership restrictions apply	P3109-OMEGA-ARITHMETIC
lib/omega-extrema.maude	p3109-omega-extrema-006	src/arithmetic.jl	family implementation; source guards reviewed	finite source suites; no universal proof	clause=4.11; page=49-52	unconditional; enclosing sort/membership restrictions apply	P3109-OMEGA-ARITHMETIC
lib/omega-extrema.maude	p3109-omega-extrema-007	src/arithmetic.jl	family implementation; source guards reviewed	finite source suites; no universal proof	clause=4.11; page=49-52	unconditional; enclosing sort/membership restrictions apply	P3109-OMEGA-ARITHMETIC
lib/omega-extrema.maude	p3109-omega-extrema-008	src/arithmetic.jl	family implementation; source guards reviewed	finite source suites; no universal proof	clause=4.11; page=49-52	unconditional; enclosing sort/membership restrictions apply	P3109-OMEGA-ARITHMETIC
lib/omega-extrema.maude	p3109-omega-extrema-009	src/arithmetic.jl	family implementation; source guards reviewed	finite source suites; no universal proof	clause=4.11; page=49-52	unconditional; enclosing sort/membership restrictions apply	P3109-OMEGA-ARITHMETIC
lib/omega-extrema.maude	p3109-omega-extrema-010	src/arithmetic.jl	family implementation; source guards reviewed	finite source suites; no universal proof	clause=4.11; page=49-52	xLt(omegaAbs(A), omegaAbs(B))	P3109-OMEGA-ARITHMETIC
lib/omega-extrema.maude	p3109-omega-extrema-011	src/arithmetic.jl	family implementation; source guards reviewed	finite source suites; no universal proof	clause=4.11; page=49-52	xLt(omegaAbs(B), omegaAbs(A))	P3109-OMEGA-ARITHMETIC
lib/omega-extrema.maude	p3109-omega-extrema-012	src/arithmetic.jl	family implementation; source guards reviewed	finite source suites; no universal proof	clause=4.11; page=49-52	xEq(omegaAbs(A), omegaAbs(B))	P3109-OMEGA-ARITHMETIC
lib/omega-extrema.maude	p3109-omega-extrema-013	src/arithmetic.jl	family implementation; source guards reviewed	finite source suites; no universal proof	clause=4.11; page=49-52	unconditional; enclosing sort/membership restrictions apply	P3109-OMEGA-ARITHMETIC
lib/omega-extrema.maude	p3109-omega-extrema-014	src/arithmetic.jl	family implementation; source guards reviewed	finite source suites; no universal proof	clause=4.11; page=49-52	unconditional; enclosing sort/membership restrictions apply	P3109-OMEGA-ARITHMETIC
lib/omega-extrema.maude	p3109-omega-extrema-015	src/arithmetic.jl	family implementation; source guards reviewed	finite source suites; no universal proof	clause=4.11; page=49-52	unconditional; enclosing sort/membership restrictions apply	P3109-OMEGA-ARITHMETIC
lib/omega-extrema.maude	p3109-omega-extrema-016	src/arithmetic.jl	family implementation; source guards reviewed	finite source suites; no universal proof	clause=4.11; page=49-52	unconditional; enclosing sort/membership restrictions apply	P3109-OMEGA-ARITHMETIC
lib/omega-extrema.maude	p3109-omega-extrema-017	src/arithmetic.jl	family implementation; source guards reviewed	finite source suites; no universal proof	clause=4.11; page=49-52	unconditional; enclosing sort/membership restrictions apply	P3109-OMEGA-ARITHMETIC
lib/omega-extrema.maude	p3109-omega-extrema-018	src/arithmetic.jl	family implementation; source guards reviewed	finite source suites; no universal proof	clause=4.11; page=49-52	unconditional; enclosing sort/membership restrictions apply	P3109-OMEGA-ARITHMETIC
lib/omega-extrema.maude	p3109-omega-extrema-019	src/arithmetic.jl	family implementation; source guards reviewed	finite source suites; no universal proof	clause=4.11; page=49-52	unconditional; enclosing sort/membership restrictions apply	P3109-OMEGA-ARITHMETIC
lib/omega-extrema.maude	p3109-omega-extrema-020	src/arithmetic.jl	family implementation; source guards reviewed	finite source suites; no universal proof	clause=4.11; page=49-52	unconditional; enclosing sort/membership restrictions apply	P3109-OMEGA-ARITHMETIC
lib/omega-extrema.maude	p3109-omega-extrema-021	src/arithmetic.jl	family implementation; source guards reviewed	finite source suites; no universal proof	clause=4.11; page=49-52	unconditional; enclosing sort/membership restrictions apply	P3109-OMEGA-ARITHMETIC
lib/omega-extrema.maude	p3109-omega-extrema-022	src/arithmetic.jl	family implementation; source guards reviewed	finite source suites; no universal proof	clause=4.11; page=49-52	unconditional; enclosing sort/membership restrictions apply	P3109-OMEGA-ARITHMETIC
lib/omega-extrema.maude	p3109-omega-extrema-023	src/arithmetic.jl	family implementation; source guards reviewed	finite source suites; no universal proof	clause=4.11; page=49-52	unconditional; enclosing sort/membership restrictions apply	P3109-OMEGA-ARITHMETIC
lib/omega-extrema.maude	p3109-omega-extrema-024	src/arithmetic.jl	family implementation; source guards reviewed	finite source suites; no universal proof	clause=4.11; page=49-52	xLt(A, B)	P3109-OMEGA-ARITHMETIC
lib/omega-extrema.maude	p3109-omega-extrema-025	src/arithmetic.jl	family implementation; source guards reviewed	finite source suites; no universal proof	clause=4.11; page=49-52	xLe(B, A)	P3109-OMEGA-ARITHMETIC
lib/omega-extrema.maude	p3109-omega-extrema-026	src/arithmetic.jl	family implementation; source guards reviewed	finite source suites; no universal proof	clause=4.11; page=49-52	unconditional; enclosing sort/membership restrictions apply	P3109-OMEGA-ARITHMETIC
lib/omega-extrema.maude	p3109-omega-extrema-027	src/arithmetic.jl	family implementation; source guards reviewed	finite source suites; no universal proof	clause=4.11; page=49-52	unconditional; enclosing sort/membership restrictions apply	P3109-OMEGA-ARITHMETIC
lib/omega-extrema.maude	p3109-omega-extrema-028	src/arithmetic.jl	family implementation; source guards reviewed	finite source suites; no universal proof	clause=4.11; page=49-52	unconditional; enclosing sort/membership restrictions apply	P3109-OMEGA-ARITHMETIC
lib/omega-extrema.maude	p3109-omega-extrema-029	src/arithmetic.jl	family implementation; source guards reviewed	finite source suites; no universal proof	clause=4.11; page=49-52	unconditional; enclosing sort/membership restrictions apply	P3109-OMEGA-ARITHMETIC
lib/omega-extrema.maude	p3109-omega-extrema-030	src/arithmetic.jl	family implementation; source guards reviewed	finite source suites; no universal proof	clause=4.11; page=49-52	unconditional; enclosing sort/membership restrictions apply	P3109-OMEGA-ARITHMETIC
lib/omega-extrema.maude	p3109-omega-extrema-031	src/arithmetic.jl	family implementation; source guards reviewed	finite source suites; no universal proof	clause=4.11; page=49-52	xLt(omegaAbs(A), omegaAbs(B))	P3109-OMEGA-ARITHMETIC
lib/omega-extrema.maude	p3109-omega-extrema-032	src/arithmetic.jl	family implementation; source guards reviewed	finite source suites; no universal proof	clause=4.11; page=49-52	xLt(omegaAbs(B), omegaAbs(A))	P3109-OMEGA-ARITHMETIC
lib/omega-extrema.maude	p3109-omega-extrema-033	src/arithmetic.jl	family implementation; source guards reviewed	finite source suites; no universal proof	clause=4.11; page=49-52	xEq(omegaAbs(A), omegaAbs(B))	P3109-OMEGA-ARITHMETIC
lib/omega-extrema.maude	p3109-omega-extrema-034	src/arithmetic.jl	family implementation; source guards reviewed	finite source suites; no universal proof	clause=4.11; page=49-52	unconditional; enclosing sort/membership restrictions apply	P3109-OMEGA-ARITHMETIC
lib/omega-extrema.maude	p3109-omega-extrema-035	src/arithmetic.jl	family implementation; source guards reviewed	finite source suites; no universal proof	clause=4.11; page=49-52	unconditional; enclosing sort/membership restrictions apply	P3109-OMEGA-ARITHMETIC
lib/omega-extrema.maude	p3109-omega-extrema-036	src/arithmetic.jl	family implementation; source guards reviewed	finite source suites; no universal proof	clause=4.11; page=49-52	unconditional; enclosing sort/membership restrictions apply	P3109-OMEGA-ARITHMETIC
lib/omega-extrema.maude	p3109-omega-extrema-037	src/arithmetic.jl	family implementation; source guards reviewed	finite source suites; no universal proof	clause=4.11; page=49-52	unconditional; enclosing sort/membership restrictions apply	P3109-OMEGA-ARITHMETIC
lib/omega-extrema.maude	p3109-omega-extrema-038	src/arithmetic.jl	family implementation; source guards reviewed	finite source suites; no universal proof	clause=4.11; page=49-52	unconditional; enclosing sort/membership restrictions apply	P3109-OMEGA-ARITHMETIC
lib/omega-extrema.maude	p3109-omega-extrema-039	src/arithmetic.jl	family implementation; source guards reviewed	finite source suites; no universal proof	clause=4.11; page=49-52	unconditional; enclosing sort/membership restrictions apply	P3109-OMEGA-ARITHMETIC
lib/omega-extrema.maude	p3109-omega-extrema-040	src/arithmetic.jl	family implementation; source guards reviewed	finite source suites; no universal proof	clause=4.11; page=49-52	unconditional; enclosing sort/membership restrictions apply	P3109-OMEGA-ARITHMETIC
lib/omega-extrema.maude	p3109-omega-extrema-041	src/arithmetic.jl	family implementation; source guards reviewed	finite source suites; no universal proof	clause=4.11; page=49-52	unconditional; enclosing sort/membership restrictions apply	P3109-OMEGA-ARITHMETIC
lib/omega-extrema.maude	p3109-omega-extrema-042	src/arithmetic.jl	family implementation; source guards reviewed	finite source suites; no universal proof	clause=4.11; page=49-52	unconditional; enclosing sort/membership restrictions apply	P3109-OMEGA-ARITHMETIC
lib/omega-extrema.maude	p3109-omega-extrema-043	src/arithmetic.jl	family implementation; source guards reviewed	finite source suites; no universal proof	clause=4.11; page=49-52	unconditional; enclosing sort/membership restrictions apply	P3109-OMEGA-ARITHMETIC
lib/omega-extrema.maude	p3109-omega-extrema-044	src/arithmetic.jl	family implementation; source guards reviewed	finite source suites; no universal proof	clause=4.11; page=49-52	unconditional; enclosing sort/membership restrictions apply	P3109-OMEGA-ARITHMETIC
lib/omega-extrema.maude	p3109-omega-extrema-045	src/arithmetic.jl	family implementation; source guards reviewed	finite source suites; no universal proof	clause=4.11; page=49-52	unconditional; enclosing sort/membership restrictions apply	P3109-OMEGA-ARITHMETIC
lib/omega-extrema.maude	p3109-omega-extrema-046	src/arithmetic.jl	family implementation; source guards reviewed	finite source suites; no universal proof	clause=4.11; page=49-52	xLt(C, B)	P3109-OMEGA-ARITHMETIC
lib/omega-extrema.maude	p3109-omega-extrema-047	src/arithmetic.jl	family implementation; source guards reviewed	finite source suites; no universal proof	clause=4.11; page=49-52	xLe(B, C)	P3109-OMEGA-ARITHMETIC
lib/order-next.maude	p3109-order-next-001	src/operations.jl	family implementation; source guards reviewed	finite source suites; no universal proof	clause=4.12.1; 4.16; page=54; 59-60	IsNaN(F, C) then true else if IsNaN(G, D) then false else CompareLessEqual(F, G, C, D) fi fi if validCode(F, C) /\ validCode(G, D) /\ internalFormat(F) /\ internalFormat(G)	P3109-PREDICATES
lib/order-next.maude	p3109-order-next-004	src/operations.jl	family implementation; source guards reviewed	finite source suites; no universal proof	clause=4.12.1; 4.16; page=54; 59-60	IsNaN(F, C) or xEq(decode(F, C), posInf) or (DomainOf(F) == Finite and C == MaxFiniteOf(F)) then nanCode(F) else nextCode(F, C, true) fi if validCode(F, C) /\ internalFormat(F)	P3109-PREDICATES
lib/order-next.maude	p3109-order-next-006	src/operations.jl	family implementation; source guards reviewed	finite source suites; no universal proof	clause=4.12.1; 4.16; page=54; 59-60	IsNaN(F, C) or xEq(decode(F, C), negInf) or (DomainOf(F) == Finite and C == MinFiniteOf(F)) or (SignednessOf(F) == Unsigned and C == 0) then nanCode(F) else nextCode(F, C, false) fi if validCode(F, C) /\ internalFormat(F)	P3109-PREDICATES
lib/order-next.maude	p3109-order-next-008	src/operations.jl	family implementation; source guards reviewed	finite source suites; no universal proof	clause=4.12.1; 4.16; page=54; 59-60	C == nanCode(F) + 1 then 0 else C - 1 fi if IsSignMinus(F, C)	P3109-PREDICATES
lib/order-next.maude	p3109-order-next-009	src/operations.jl	family implementation; source guards reviewed	finite source suites; no universal proof	clause=4.12.1; 4.16; page=54; 59-60	not IsSignMinus(F, C)	P3109-PREDICATES
lib/order-next.maude	p3109-order-next-010	src/operations.jl	family implementation; source guards reviewed	finite source suites; no universal proof	clause=4.12.1; 4.16; page=54; 59-60	IsSignMinus(F, C)	P3109-PREDICATES
lib/order-next.maude	p3109-order-next-011	src/operations.jl	family implementation; source guards reviewed	finite source suites; no universal proof	clause=4.12.1; 4.16; page=54; 59-60	SignednessOf(F) == Signed	P3109-PREDICATES
lib/order-next.maude	p3109-order-next-012	src/operations.jl	family implementation; source guards reviewed	finite source suites; no universal proof	clause=4.12.1; 4.16; page=54; 59-60	C > 0 /\ not IsSignMinus(F, C)	P3109-PREDICATES
lib/predicates.maude	p3109-predicates-001	src/operations.jl	family implementation; source guards reviewed	finite source suites; no universal proof	clause=4.12-4.13.1; page=53-57	validCode(F, C) /\ validCode(G, D)	P3109-FORMAT-QUERIES; P3109-OMEGA-ARITHMETIC
lib/predicates.maude	p3109-predicates-002	src/operations.jl	family implementation; source guards reviewed	finite source suites; no universal proof	clause=4.12-4.13.1; page=53-57	validCode(F, C) /\ validCode(G, D)	P3109-FORMAT-QUERIES; P3109-OMEGA-ARITHMETIC
lib/predicates.maude	p3109-predicates-003	src/operations.jl	family implementation; source guards reviewed	finite source suites; no universal proof	clause=4.12-4.13.1; page=53-57	validCode(F, C) /\ validCode(G, D)	P3109-FORMAT-QUERIES; P3109-OMEGA-ARITHMETIC
lib/predicates.maude	p3109-predicates-004	src/operations.jl	family implementation; source guards reviewed	finite source suites; no universal proof	clause=4.12-4.13.1; page=53-57	validCode(F, C) /\ validCode(G, D)	P3109-FORMAT-QUERIES; P3109-OMEGA-ARITHMETIC
lib/predicates.maude	p3109-predicates-005	src/operations.jl	family implementation; source guards reviewed	finite source suites; no universal proof	clause=4.12-4.13.1; page=53-57	validCode(F, C) /\ validCode(G, D)	P3109-FORMAT-QUERIES; P3109-OMEGA-ARITHMETIC
lib/predicates.maude	p3109-predicates-006	src/operations.jl	family implementation; source guards reviewed	finite source suites; no universal proof	clause=4.12-4.13.1; page=53-57	validCode(F, C)	P3109-FORMAT-QUERIES; P3109-OMEGA-ARITHMETIC
lib/predicates.maude	p3109-predicates-007	src/operations.jl	family implementation; source guards reviewed	finite source suites; no universal proof	clause=4.12-4.13.1; page=53-57	validCode(F, C)	P3109-FORMAT-QUERIES; P3109-OMEGA-ARITHMETIC
lib/predicates.maude	p3109-predicates-008	src/operations.jl	family implementation; source guards reviewed	finite source suites; no universal proof	clause=4.12-4.13.1; page=53-57	validCode(F, C)	P3109-FORMAT-QUERIES; P3109-OMEGA-ARITHMETIC
lib/predicates.maude	p3109-predicates-009	src/operations.jl	family implementation; source guards reviewed	finite source suites; no universal proof	clause=4.12-4.13.1; page=53-57	validCode(F, C)	P3109-FORMAT-QUERIES; P3109-OMEGA-ARITHMETIC
lib/predicates.maude	p3109-predicates-010	src/operations.jl	family implementation; source guards reviewed	finite source suites; no universal proof	clause=4.12-4.13.1; page=53-57	validCode(F, C)	P3109-FORMAT-QUERIES; P3109-OMEGA-ARITHMETIC
lib/predicates.maude	p3109-predicates-011	src/operations.jl	family implementation; source guards reviewed	finite source suites; no universal proof	clause=4.12-4.13.1; page=53-57	validCode(F, C)	P3109-FORMAT-QUERIES; P3109-OMEGA-ARITHMETIC
lib/predicates.maude	p3109-predicates-012	src/operations.jl	family implementation; source guards reviewed	finite source suites; no universal proof	clause=4.12-4.13.1; page=53-57	validCode(F, C) /\ (IsZero(F, C) or IsInfinite(F, C) or IsNaN(F, C))	P3109-FORMAT-QUERIES; P3109-OMEGA-ARITHMETIC
lib/predicates.maude	p3109-predicates-013	src/operations.jl	family implementation; source guards reviewed	finite source suites; no universal proof	clause=4.12-4.13.1; page=53-57	validCode(F, C) /\ IsFinite(F, C) /\ not IsZero(F, C)	P3109-FORMAT-QUERIES; P3109-OMEGA-ARITHMETIC
lib/predicates.maude	p3109-predicates-014	src/operations.jl	family implementation; source guards reviewed	finite source suites; no universal proof	clause=4.12-4.13.1; page=53-57	validCode(F, C)	P3109-FORMAT-QUERIES; P3109-OMEGA-ARITHMETIC
lib/predicates.maude	p3109-predicates-015	src/operations.jl	family implementation; source guards reviewed	finite source suites; no universal proof	clause=4.12-4.13.1; page=53-57	validCode(F, C) /\ IsNaN(F, C)	P3109-FORMAT-QUERIES; P3109-OMEGA-ARITHMETIC
lib/predicates.maude	p3109-predicates-016	src/operations.jl	family implementation; source guards reviewed	finite source suites; no universal proof	clause=4.12-4.13.1; page=53-57	validCode(F, C) /\ IsZero(F, C)	P3109-FORMAT-QUERIES; P3109-OMEGA-ARITHMETIC
lib/predicates.maude	p3109-predicates-017	src/operations.jl	family implementation; source guards reviewed	finite source suites; no universal proof	clause=4.12-4.13.1; page=53-57	IsSignMinus(F, C) then ClsNegativeInfinity else ClsPositiveInfinity fi if validCode(F, C) /\ IsInfinite(F, C)	P3109-FORMAT-QUERIES; P3109-OMEGA-ARITHMETIC
lib/predicates.maude	p3109-predicates-018	src/operations.jl	family implementation; source guards reviewed	finite source suites; no universal proof	clause=4.12-4.13.1; page=53-57	IsSignMinus(F, C) then ClsNegativeNormal else ClsPositiveNormal fi if validCode(F, C) /\ IsNormal(F, C)	P3109-FORMAT-QUERIES; P3109-OMEGA-ARITHMETIC
lib/predicates.maude	p3109-predicates-019	src/operations.jl	family implementation; source guards reviewed	finite source suites; no universal proof	clause=4.12-4.13.1; page=53-57	IsSignMinus(F, C) then ClsNegativeSubnormal else ClsPositiveSubnormal fi if validCode(F, C) /\ IsSubnormal(F, C)	P3109-FORMAT-QUERIES; P3109-OMEGA-ARITHMETIC
lib/project.maude	p3109-project-001	src/projection.jl	family implementation; source guards reviewed	finite source suites; no universal proof	clause=4.7.3; page=26	validFormat(F) /\ validProjection(PS)	P3109-FORMAT-QUERIES; P3109-ROUND; P3109-SATURATE
lib/project.maude	p3109-project-002	src/projection.jl	family implementation; source guards reviewed	finite source suites; no universal proof	clause=4.7.3; page=26	validFormat(F) /\ validProjection(PS)	P3109-FORMAT-QUERIES; P3109-ROUND; P3109-SATURATE
lib/projection-spec.maude	p3109-random-negative-bits	src/policies.jl	family implementation; source guards reviewed	finite source suites; no universal proof	clause=4.7.4; page=28	N < 0	INT; P3109-SEQUENCE{RandomElt} * (sort Seq{RandomElt} to RandomSeq, op nil to rnil, op cons to rcons)
lib/projection-spec.maude	p3109-random-range	src/policies.jl	family implementation; source guards reviewed	finite source suites; no universal proof	clause=4.7.4; page=28	N >= 0	INT; P3109-SEQUENCE{RandomElt} * (sort Seq{RandomElt} to RandomSeq, op nil to rnil, op cons to rcons)
lib/projection-spec.maude	p3109-projection-spec-001	src/policies.jl	family implementation; source guards reviewed	finite source suites; no universal proof	clause=4.2; 4.7.4; 4.15; 5.3; 5.8; page=18; 27-28; 58; 61; 70	unconditional; enclosing sort/membership restrictions apply	INT; P3109-SEQUENCE{RandomElt} * (sort Seq{RandomElt} to RandomSeq, op nil to rnil, op cons to rcons)
lib/projection-spec.maude	p3109-projection-spec-002	src/policies.jl	family implementation; source guards reviewed	finite source suites; no universal proof	clause=4.2; 4.7.4; 4.15; 5.3; 5.8; page=18; 27-28; 58; 61; 70	unconditional; enclosing sort/membership restrictions apply	INT; P3109-SEQUENCE{RandomElt} * (sort Seq{RandomElt} to RandomSeq, op nil to rnil, op cons to rcons)
lib/projection-spec.maude	p3109-projection-spec-003	src/policies.jl	family implementation; source guards reviewed	finite source suites; no universal proof	clause=4.2; 4.7.4; 4.15; 5.3; 5.8; page=18; 27-28; 58; 61; 70	unconditional; enclosing sort/membership restrictions apply	INT; P3109-SEQUENCE{RandomElt} * (sort Seq{RandomElt} to RandomSeq, op nil to rnil, op cons to rcons)
lib/projection-spec.maude	p3109-projection-spec-004	src/policies.jl	family implementation; source guards reviewed	finite source suites; no universal proof	clause=4.2; 4.7.4; 4.15; 5.3; 5.8; page=18; 27-28; 58; 61; 70	unconditional; enclosing sort/membership restrictions apply	INT; P3109-SEQUENCE{RandomElt} * (sort Seq{RandomElt} to RandomSeq, op nil to rnil, op cons to rcons)
lib/projection-spec.maude	p3109-projection-spec-005	src/policies.jl	family implementation; source guards reviewed	finite source suites; no universal proof	clause=4.2; 4.7.4; 4.15; 5.3; 5.8; page=18; 27-28; 58; 61; 70	unconditional; enclosing sort/membership restrictions apply	INT; P3109-SEQUENCE{RandomElt} * (sort Seq{RandomElt} to RandomSeq, op nil to rnil, op cons to rcons)
lib/projection-spec.maude	p3109-projection-spec-006	src/policies.jl	family implementation; source guards reviewed	finite source suites; no universal proof	clause=4.2; 4.7.4; 4.15; 5.3; 5.8; page=18; 27-28; 58; 61; 70	unconditional; enclosing sort/membership restrictions apply	INT; P3109-SEQUENCE{RandomElt} * (sort Seq{RandomElt} to RandomSeq, op nil to rnil, op cons to rcons)
lib/projection-spec.maude	p3109-projection-spec-007	src/policies.jl	family implementation; source guards reviewed	finite source suites; no universal proof	clause=4.2; 4.7.4; 4.15; 5.3; 5.8; page=18; 27-28; 58; 61; 70	unconditional; enclosing sort/membership restrictions apply	INT; P3109-SEQUENCE{RandomElt} * (sort Seq{RandomElt} to RandomSeq, op nil to rnil, op cons to rcons)
lib/projection-spec.maude	p3109-projection-spec-008	src/policies.jl	family implementation; source guards reviewed	finite source suites; no universal proof	clause=4.2; 4.7.4; 4.15; 5.3; 5.8; page=18; 27-28; 58; 61; 70	unconditional; enclosing sort/membership restrictions apply	INT; P3109-SEQUENCE{RandomElt} * (sort Seq{RandomElt} to RandomSeq, op nil to rnil, op cons to rcons)
lib/projection-spec.maude	p3109-projection-spec-009	src/policies.jl	family implementation; source guards reviewed	finite source suites; no universal proof	clause=4.2; 4.7.4; 4.15; 5.3; 5.8; page=18; 27-28; 58; 61; 70	unconditional; enclosing sort/membership restrictions apply	INT; P3109-SEQUENCE{RandomElt} * (sort Seq{RandomElt} to RandomSeq, op nil to rnil, op cons to rcons)
lib/projection-spec.maude	p3109-projection-spec-010	src/policies.jl	family implementation; source guards reviewed	finite source suites; no universal proof	clause=4.2; 4.7.4; 4.15; 5.3; 5.8; page=18; 27-28; 58; 61; 70	unconditional; enclosing sort/membership restrictions apply	INT; P3109-SEQUENCE{RandomElt} * (sort Seq{RandomElt} to RandomSeq, op nil to rnil, op cons to rcons)
lib/projection-spec.maude	p3109-projection-spec-011	src/policies.jl	family implementation; source guards reviewed	finite source suites; no universal proof	clause=4.2; 4.7.4; 4.15; 5.3; 5.8; page=18; 27-28; 58; 61; 70	unconditional; enclosing sort/membership restrictions apply	INT; P3109-SEQUENCE{RandomElt} * (sort Seq{RandomElt} to RandomSeq, op nil to rnil, op cons to rcons)
lib/projection-spec.maude	p3109-projection-spec-012	src/policies.jl	family implementation; source guards reviewed	finite source suites; no universal proof	clause=4.2; 4.7.4; 4.15; 5.3; 5.8; page=18; 27-28; 58; 61; 70	unconditional; enclosing sort/membership restrictions apply	INT; P3109-SEQUENCE{RandomElt} * (sort Seq{RandomElt} to RandomSeq, op nil to rnil, op cons to rcons)
lib/projection-spec.maude	p3109-projection-spec-013	src/policies.jl	family implementation; source guards reviewed	finite source suites; no universal proof	clause=4.2; 4.7.4; 4.15; 5.3; 5.8; page=18; 27-28; 58; 61; 70	unconditional; enclosing sort/membership restrictions apply	INT; P3109-SEQUENCE{RandomElt} * (sort Seq{RandomElt} to RandomSeq, op nil to rnil, op cons to rcons)
lib/projection-spec.maude	p3109-projection-spec-014	src/policies.jl	family implementation; source guards reviewed	finite source suites; no universal proof	clause=4.2; 4.7.4; 4.15; 5.3; 5.8; page=18; 27-28; 58; 61; 70	unconditional; enclosing sort/membership restrictions apply	INT; P3109-SEQUENCE{RandomElt} * (sort Seq{RandomElt} to RandomSeq, op nil to rnil, op cons to rcons)
lib/projection-spec.maude	p3109-projection-spec-015	src/policies.jl	family implementation; source guards reviewed	finite source suites; no universal proof	clause=4.2; 4.7.4; 4.15; 5.3; 5.8; page=18; 27-28; 58; 61; 70	unconditional; enclosing sort/membership restrictions apply	INT; P3109-SEQUENCE{RandomElt} * (sort Seq{RandomElt} to RandomSeq, op nil to rnil, op cons to rcons)
lib/projection-spec.maude	p3109-projection-spec-016	src/policies.jl	family implementation; source guards reviewed	finite source suites; no universal proof	clause=4.2; 4.7.4; 4.15; 5.3; 5.8; page=18; 27-28; 58; 61; 70	validRandoms(N, RS) /\ J < length(RS)	INT; P3109-SEQUENCE{RandomElt} * (sort Seq{RandomElt} to RandomSeq, op nil to rnil, op cons to rcons)
lib/projection-spec.maude	p3109-projection-spec-017	src/policies.jl	family implementation; source guards reviewed	finite source suites; no universal proof	clause=4.2; 4.7.4; 4.15; 5.3; 5.8; page=18; 27-28; 58; 61; 70	validRound(StochasticA(N, R))	INT; P3109-SEQUENCE{RandomElt} * (sort Seq{RandomElt} to RandomSeq, op nil to rnil, op cons to rcons)
lib/projection-spec.maude	p3109-projection-spec-018	src/policies.jl	family implementation; source guards reviewed	finite source suites; no universal proof	clause=4.2; 4.7.4; 4.15; 5.3; 5.8; page=18; 27-28; 58; 61; 70	unconditional; enclosing sort/membership restrictions apply	INT; P3109-SEQUENCE{RandomElt} * (sort Seq{RandomElt} to RandomSeq, op nil to rnil, op cons to rcons)
lib/projection-spec.maude	p3109-projection-spec-019	src/policies.jl	family implementation; source guards reviewed	finite source suites; no universal proof	clause=4.2; 4.7.4; 4.15; 5.3; 5.8; page=18; 27-28; 58; 61; 70	unconditional; enclosing sort/membership restrictions apply	INT; P3109-SEQUENCE{RandomElt} * (sort Seq{RandomElt} to RandomSeq, op nil to rnil, op cons to rcons)
lib/projection-spec.maude	p3109-projection-spec-020	src/policies.jl	family implementation; source guards reviewed	finite source suites; no universal proof	clause=4.2; 4.7.4; 4.15; 5.3; 5.8; page=18; 27-28; 58; 61; 70	unconditional; enclosing sort/membership restrictions apply	INT; P3109-SEQUENCE{RandomElt} * (sort Seq{RandomElt} to RandomSeq, op nil to rnil, op cons to rcons)
lib/projection-spec.maude	p3109-projection-spec-021	src/policies.jl	family implementation; source guards reviewed	finite source suites; no universal proof	clause=4.2; 4.7.4; 4.15; 5.3; 5.8; page=18; 27-28; 58; 61; 70	validRandoms(N, RS) /\ J < length(RS)	INT; P3109-SEQUENCE{RandomElt} * (sort Seq{RandomElt} to RandomSeq, op nil to rnil, op cons to rcons)
lib/projection-spec.maude	p3109-projection-spec-022	src/policies.jl	family implementation; source guards reviewed	finite source suites; no universal proof	clause=4.2; 4.7.4; 4.15; 5.3; 5.8; page=18; 27-28; 58; 61; 70	validRound(StochasticB(N, R))	INT; P3109-SEQUENCE{RandomElt} * (sort Seq{RandomElt} to RandomSeq, op nil to rnil, op cons to rcons)
lib/projection-spec.maude	p3109-projection-spec-023	src/policies.jl	family implementation; source guards reviewed	finite source suites; no universal proof	clause=4.2; 4.7.4; 4.15; 5.3; 5.8; page=18; 27-28; 58; 61; 70	unconditional; enclosing sort/membership restrictions apply	INT; P3109-SEQUENCE{RandomElt} * (sort Seq{RandomElt} to RandomSeq, op nil to rnil, op cons to rcons)
lib/projection-spec.maude	p3109-projection-spec-024	src/policies.jl	family implementation; source guards reviewed	finite source suites; no universal proof	clause=4.2; 4.7.4; 4.15; 5.3; 5.8; page=18; 27-28; 58; 61; 70	unconditional; enclosing sort/membership restrictions apply	INT; P3109-SEQUENCE{RandomElt} * (sort Seq{RandomElt} to RandomSeq, op nil to rnil, op cons to rcons)
lib/projection-spec.maude	p3109-projection-spec-025	src/policies.jl	family implementation; source guards reviewed	finite source suites; no universal proof	clause=4.2; 4.7.4; 4.15; 5.3; 5.8; page=18; 27-28; 58; 61; 70	unconditional; enclosing sort/membership restrictions apply	INT; P3109-SEQUENCE{RandomElt} * (sort Seq{RandomElt} to RandomSeq, op nil to rnil, op cons to rcons)
lib/projection-spec.maude	p3109-projection-spec-026	src/policies.jl	family implementation; source guards reviewed	finite source suites; no universal proof	clause=4.2; 4.7.4; 4.15; 5.3; 5.8; page=18; 27-28; 58; 61; 70	validRandoms(N, RS) /\ J < length(RS)	INT; P3109-SEQUENCE{RandomElt} * (sort Seq{RandomElt} to RandomSeq, op nil to rnil, op cons to rcons)
lib/projection-spec.maude	p3109-projection-spec-027	src/policies.jl	family implementation; source guards reviewed	finite source suites; no universal proof	clause=4.2; 4.7.4; 4.15; 5.3; 5.8; page=18; 27-28; 58; 61; 70	validRound(StochasticC(N, R))	INT; P3109-SEQUENCE{RandomElt} * (sort Seq{RandomElt} to RandomSeq, op nil to rnil, op cons to rcons)
lib/projection-spec.maude	p3109-projection-spec-028	src/policies.jl	family implementation; source guards reviewed	finite source suites; no universal proof	clause=4.2; 4.7.4; 4.15; 5.3; 5.8; page=18; 27-28; 58; 61; 70	unconditional; enclosing sort/membership restrictions apply	INT; P3109-SEQUENCE{RandomElt} * (sort Seq{RandomElt} to RandomSeq, op nil to rnil, op cons to rcons)
lib/projection-spec.maude	p3109-projection-spec-029	src/policies.jl	family implementation; source guards reviewed	finite source suites; no universal proof	clause=4.2; 4.7.4; 4.15; 5.3; 5.8; page=18; 27-28; 58; 61; 70	validProjection(proj(M, S))	INT; P3109-SEQUENCE{RandomElt} * (sort Seq{RandomElt} to RandomSeq, op nil to rnil, op cons to rcons)
lib/projection-spec.maude	p3109-projection-spec-030	src/policies.jl	family implementation; source guards reviewed	finite source suites; no universal proof	clause=4.2; 4.7.4; 4.15; 5.3; 5.8; page=18; 27-28; 58; 61; 70	validProjection(proj(M, S))	INT; P3109-SEQUENCE{RandomElt} * (sort Seq{RandomElt} to RandomSeq, op nil to rnil, op cons to rcons)
lib/projection-spec.maude	p3109-projection-spec-031	src/policies.jl	family implementation; source guards reviewed	finite source suites; no universal proof	clause=4.2; 4.7.4; 4.15; 5.3; 5.8; page=18; 27-28; 58; 61; 70	unconditional; enclosing sort/membership restrictions apply	INT; P3109-SEQUENCE{RandomElt} * (sort Seq{RandomElt} to RandomSeq, op nil to rnil, op cons to rcons)
lib/projection-spec.maude	p3109-projection-spec-032	src/policies.jl	family implementation; source guards reviewed	finite source suites; no universal proof	clause=4.2; 4.7.4; 4.15; 5.3; 5.8; page=18; 27-28; 58; 61; 70	unconditional; enclosing sort/membership restrictions apply	INT; P3109-SEQUENCE{RandomElt} * (sort Seq{RandomElt} to RandomSeq, op nil to rnil, op cons to rcons)
lib/projection-spec.maude	p3109-projection-spec-033	src/policies.jl	family implementation; source guards reviewed	finite source suites; no universal proof	clause=4.2; 4.7.4; 4.15; 5.3; 5.8; page=18; 27-28; 58; 61; 70	unconditional; enclosing sort/membership restrictions apply	INT; P3109-SEQUENCE{RandomElt} * (sort Seq{RandomElt} to RandomSeq, op nil to rnil, op cons to rcons)
lib/projection-spec.maude	p3109-projection-spec-034	src/policies.jl	family implementation; source guards reviewed	finite source suites; no universal proof	clause=4.2; 4.7.4; 4.15; 5.3; 5.8; page=18; 27-28; 58; 61; 70	validRound(M) /\ deterministic(M)	INT; P3109-SEQUENCE{RandomElt} * (sort Seq{RandomElt} to RandomSeq, op nil to rnil, op cons to rcons)
lib/projection-spec.maude	p3109-projection-spec-035	src/policies.jl	family implementation; source guards reviewed	finite source suites; no universal proof	clause=4.2; 4.7.4; 4.15; 5.3; 5.8; page=18; 27-28; 58; 61; 70	validRound(M) /\ deterministic(M)	INT; P3109-SEQUENCE{RandomElt} * (sort Seq{RandomElt} to RandomSeq, op nil to rnil, op cons to rcons)
lib/rational-math.maude	p3109-rational-math-001	src/values.jl	family implementation; source guards reviewed	finite source suites; no universal proof	clause=4.7.4; 4.10.8; page=27; 40	I >= 0 then 2 ^ I else 1 / (2 ^ (- I)) fi	P3109-XREAL
lib/rational-math.maude	p3109-rational-math-002	src/values.jl	family implementation; source guards reviewed	finite source suites; no universal proof	clause=4.7.4; 4.10.8; page=27; 40	R >= 1 /\ R < 2	P3109-XREAL
lib/rational-math.maude	p3109-rational-math-003	src/values.jl	family implementation; source guards reviewed	finite source suites; no universal proof	clause=4.7.4; 4.10.8; page=27; 40	R >= 2	P3109-XREAL
lib/rational-math.maude	p3109-rational-math-004	src/values.jl	family implementation; source guards reviewed	finite source suites; no universal proof	clause=4.7.4; 4.10.8; page=27; 40	R > 0 /\ R < 1	P3109-XREAL
lib/rational-math.maude	p3109-rational-math-005	src/values.jl	family implementation; source guards reviewed	finite source suites; no universal proof	clause=4.7.4; 4.10.8; page=27; 40	unconditional; enclosing sort/membership restrictions apply	P3109-XREAL
lib/rational-math.maude	p3109-rational-math-006	src/values.jl	family implementation; source guards reviewed	finite source suites; no universal proof	clause=4.7.4; 4.10.8; page=27; 40	R - floor(R) < 1/2 or (R - floor(R) == 1/2 and even(floor(R))) then floor(R) else floor(R) + 1 fi	P3109-XREAL
lib/rational-math.maude	p3109-rational-math-007	src/values.jl	family implementation; source guards reviewed	finite source suites; no universal proof	clause=4.7.4; 4.10.8; page=27; 40	unconditional; enclosing sort/membership restrictions apply	P3109-XREAL
lib/rational-math.maude	p3109-rational-math-008	src/values.jl	family implementation; source guards reviewed	finite source suites; no universal proof	clause=4.7.4; 4.10.8; page=27; 40	H <= L + 1	P3109-XREAL
lib/rational-math.maude	p3109-rational-math-009	src/values.jl	family implementation; source guards reviewed	finite source suites; no universal proof	clause=4.7.4; 4.10.8; page=27; 40	H > L + 1 /\ M := (L + H) quo 2 /\ M * M <= N	P3109-XREAL
lib/rational-math.maude	p3109-rational-math-010	src/values.jl	family implementation; source guards reviewed	finite source suites; no universal proof	clause=4.7.4; 4.10.8; page=27; 40	H > L + 1 /\ M := (L + H) quo 2 /\ M * M > N	P3109-XREAL
lib/rounding.maude	p3109-rounding-001	src/projection.jl	family implementation; source guards reviewed	finite source suites; no universal proof	clause=4.7.4; page=27-28	P >= 1 /\ B >= 1 /\ validRound(M)	P3109-RATIONAL-MATH; P3109-PROJSPEC
lib/rounding.maude	p3109-rounding-002	src/projection.jl	family implementation; source guards reviewed	finite source suites; no universal proof	clause=4.7.4; page=27-28	P >= 1 /\ B >= 1 /\ validRound(M)	P3109-RATIONAL-MATH; P3109-PROJSPEC
lib/rounding.maude	p3109-rounding-003	src/projection.jl	family implementation; source guards reviewed	finite source suites; no universal proof	clause=4.7.4; page=27-28	P >= 1 /\ B >= 1 /\ validRound(M)	P3109-RATIONAL-MATH; P3109-PROJSPEC
lib/rounding.maude	p3109-rounding-004	src/projection.jl	family implementation; source guards reviewed	finite source suites; no universal proof	clause=4.7.4; page=27-28	P >= 1 /\ B >= 1 /\ validRound(M) /\ X =/= 0 /\ Q := (max(floorLog2(abs(X)), 1 - B) - P) + 1	P3109-RATIONAL-MATH; P3109-PROJSPEC
lib/rounding.maude	p3109-rounding-005	src/projection.jl	family implementation; source guards reviewed	finite source suites; no universal proof	clause=4.7.4; page=27-28	P > 1 then even(floor(T)) else floor(T) == 0 or even(Q + B) fi) then 1 else 0 fi)) * pow2(Q)	P3109-RATIONAL-MATH; P3109-PROJSPEC
lib/rounding.maude	p3109-rounding-006	src/projection.jl	family implementation; source guards reviewed	finite source suites; no universal proof	clause=4.7.4; page=27-28	unconditional; enclosing sort/membership restrictions apply	P3109-RATIONAL-MATH; P3109-PROJSPEC
lib/rounding.maude	p3109-rounding-007	src/projection.jl	family implementation; source guards reviewed	finite source suites; no universal proof	clause=4.7.4; page=27-28	unconditional; enclosing sort/membership restrictions apply	P3109-RATIONAL-MATH; P3109-PROJSPEC
lib/rounding.maude	p3109-rounding-008	src/projection.jl	family implementation; source guards reviewed	finite source suites; no universal proof	clause=4.7.4; page=27-28	unconditional; enclosing sort/membership restrictions apply	P3109-RATIONAL-MATH; P3109-PROJSPEC
lib/rounding.maude	p3109-rounding-009	src/projection.jl	family implementation; source guards reviewed	finite source suites; no universal proof	clause=4.7.4; page=27-28	unconditional; enclosing sort/membership restrictions apply	P3109-RATIONAL-MATH; P3109-PROJSPEC
lib/rounding.maude	p3109-rounding-010	src/projection.jl	family implementation; source guards reviewed	finite source suites; no universal proof	clause=4.7.4; page=27-28	unconditional; enclosing sort/membership restrictions apply	P3109-RATIONAL-MATH; P3109-PROJSPEC
lib/rounding.maude	p3109-rounding-011	src/projection.jl	family implementation; source guards reviewed	finite source suites; no universal proof	clause=4.7.4; page=27-28	unconditional; enclosing sort/membership restrictions apply	P3109-RATIONAL-MATH; P3109-PROJSPEC
lib/rounding.maude	p3109-rounding-012	src/projection.jl	family implementation; source guards reviewed	finite source suites; no universal proof	clause=4.7.4; page=27-28	unconditional; enclosing sort/membership restrictions apply	P3109-RATIONAL-MATH; P3109-PROJSPEC
lib/rounding.maude	p3109-rounding-013	src/projection.jl	family implementation; source guards reviewed	finite source suites; no universal proof	clause=4.7.4; page=27-28	unconditional; enclosing sort/membership restrictions apply	P3109-RATIONAL-MATH; P3109-PROJSPEC
lib/rounding.maude	p3109-rounding-014	src/projection.jl	family implementation; source guards reviewed	finite source suites; no universal proof	clause=4.7.4; page=27-28	unconditional; enclosing sort/membership restrictions apply	P3109-RATIONAL-MATH; P3109-PROJSPEC
lib/saturation.maude	p3109-saturation-001	src/projection.jl	family implementation; source guards reviewed	finite source suites; no universal proof	clause=4.7.5; page=29	unconditional; enclosing sort/membership restrictions apply	P3109-XREAL; P3109-FORMAT-CORE; P3109-PROJSPEC
lib/saturation.maude	p3109-saturation-002	src/projection.jl	family implementation; source guards reviewed	finite source suites; no universal proof	clause=4.7.5; page=29	unconditional; enclosing sort/membership restrictions apply	P3109-XREAL; P3109-FORMAT-CORE; P3109-PROJSPEC
lib/saturation.maude	p3109-saturation-003	src/projection.jl	family implementation; source guards reviewed	finite source suites; no universal proof	clause=4.7.5; page=29	unconditional; enclosing sort/membership restrictions apply	P3109-XREAL; P3109-FORMAT-CORE; P3109-PROJSPEC
lib/saturation.maude	p3109-saturation-004	src/projection.jl	family implementation; source guards reviewed	finite source suites; no universal proof	clause=4.7.5; page=29	unconditional; enclosing sort/membership restrictions apply	P3109-XREAL; P3109-FORMAT-CORE; P3109-PROJSPEC
lib/saturation.maude	p3109-saturation-005	src/projection.jl	family implementation; source guards reviewed	finite source suites; no universal proof	clause=4.7.5; page=29	unconditional; enclosing sort/membership restrictions apply	P3109-XREAL; P3109-FORMAT-CORE; P3109-PROJSPEC
lib/saturation.maude	p3109-saturation-006	src/projection.jl	family implementation; source guards reviewed	finite source suites; no universal proof	clause=4.7.5; page=29	unconditional; enclosing sort/membership restrictions apply	P3109-XREAL; P3109-FORMAT-CORE; P3109-PROJSPEC
lib/saturation.maude	p3109-saturation-007	src/projection.jl	family implementation; source guards reviewed	finite source suites; no universal proof	clause=4.7.5; page=29	unconditional; enclosing sort/membership restrictions apply	P3109-XREAL; P3109-FORMAT-CORE; P3109-PROJSPEC
lib/saturation.maude	p3109-saturation-008	src/projection.jl	family implementation; source guards reviewed	finite source suites; no universal proof	clause=4.7.5; page=29	L <= H /\ validRound(M)	P3109-XREAL; P3109-FORMAT-CORE; P3109-PROJSPEC
lib/saturation.maude	p3109-saturation-009	src/projection.jl	family implementation; source guards reviewed	finite source suites; no universal proof	clause=4.7.5; page=29	L <= R /\ R <= H /\ validRound(M)	P3109-XREAL; P3109-FORMAT-CORE; P3109-PROJSPEC
lib/saturation.maude	p3109-saturation-010	src/projection.jl	family implementation; source guards reviewed	finite source suites; no universal proof	clause=4.7.5; page=29	L <= H /\ validRound(M) /\ xLt(X, fin(L))	P3109-XREAL; P3109-FORMAT-CORE; P3109-PROJSPEC
lib/saturation.maude	p3109-saturation-011	src/projection.jl	family implementation; source guards reviewed	finite source suites; no universal proof	clause=4.7.5; page=29	L <= H /\ validRound(M) /\ xLt(fin(H), X)	P3109-XREAL; P3109-FORMAT-CORE; P3109-PROJSPEC
lib/saturation.maude	p3109-saturation-012	src/projection.jl	family implementation; source guards reviewed	finite source suites; no universal proof	clause=4.7.5; page=29	D == Extended then posInf else fin(H) fi if L <= H /\ validRound(M)	P3109-XREAL; P3109-FORMAT-CORE; P3109-PROJSPEC
lib/saturation.maude	p3109-saturation-013	src/projection.jl	family implementation; source guards reviewed	finite source suites; no universal proof	clause=4.7.5; page=29	SG == Signed and D == Extended then negInf else fin(L) fi if L <= H /\ validRound(M)	P3109-XREAL; P3109-FORMAT-CORE; P3109-PROJSPEC
lib/saturation.maude	p3109-saturation-014	src/projection.jl	family implementation; source guards reviewed	finite source suites; no universal proof	clause=4.7.5; page=29	L <= H /\ validRound(M) /\ R < L	P3109-XREAL; P3109-FORMAT-CORE; P3109-PROJSPEC
lib/saturation.maude	p3109-saturation-015	src/projection.jl	family implementation; source guards reviewed	finite source suites; no universal proof	clause=4.7.5; page=29	L <= H /\ validRound(M) /\ R > H	P3109-XREAL; P3109-FORMAT-CORE; P3109-PROJSPEC
lib/saturation.maude	p3109-saturation-016	src/projection.jl	family implementation; source guards reviewed	finite source suites; no universal proof	clause=4.7.5; page=29	L <= H /\ validRound(M) /\ R > H /\ clipsHigh(M)	P3109-XREAL; P3109-FORMAT-CORE; P3109-PROJSPEC
lib/saturation.maude	p3109-saturation-017	src/projection.jl	family implementation; source guards reviewed	finite source suites; no universal proof	clause=4.7.5; page=29	L <= H /\ validRound(M) /\ R < L /\ clipsLow(M)	P3109-XREAL; P3109-FORMAT-CORE; P3109-PROJSPEC
lib/saturation.maude	p3109-saturation-018	src/projection.jl	family implementation; source guards reviewed	finite source suites; no universal proof	clause=4.7.5; page=29	L <= H /\ validRound(M)	P3109-XREAL; P3109-FORMAT-CORE; P3109-PROJSPEC
lib/saturation.maude	p3109-saturation-019	src/projection.jl	family implementation; source guards reviewed	finite source suites; no universal proof	clause=4.7.5; page=29	L <= H /\ validRound(M)	P3109-XREAL; P3109-FORMAT-CORE; P3109-PROJSPEC
lib/saturation.maude	p3109-saturation-020	src/projection.jl	family implementation; source guards reviewed	finite source suites; no universal proof	clause=4.7.5; page=29	L <= H /\ validRound(M) /\ R < L /\ not clipsLow(M)	P3109-XREAL; P3109-FORMAT-CORE; P3109-PROJSPEC
lib/saturation.maude	p3109-saturation-021	src/projection.jl	family implementation; source guards reviewed	finite source suites; no universal proof	clause=4.7.5; page=29	L <= H /\ validRound(M) /\ R > H /\ not clipsHigh(M)	P3109-XREAL; P3109-FORMAT-CORE; P3109-PROJSPEC
lib/scalar-ops.maude	p3109-scalar-Convert	src/generated_operations.jl	generated instance of shared arity kernel	inventory and source family tests	generated instance; follow template label in source	inherits template guards and ordered shared kernel	P3109-PROJECT; P3109-OMEGA-EXTREMA
lib/scalar-ops.maude	p3109-scalar-Abs	src/generated_operations.jl	generated instance of shared arity kernel	inventory and source family tests	generated instance; follow template label in source	inherits template guards and ordered shared kernel	P3109-PROJECT; P3109-OMEGA-EXTREMA
lib/scalar-ops.maude	p3109-scalar-Negate	src/generated_operations.jl	generated instance of shared arity kernel	inventory and source family tests	generated instance; follow template label in source	inherits template guards and ordered shared kernel	P3109-PROJECT; P3109-OMEGA-EXTREMA
lib/scalar-ops.maude	p3109-scalar-CopySign	src/generated_operations.jl	generated instance of shared arity kernel	inventory and source family tests	generated instance; follow template label in source	inherits template guards and ordered shared kernel	P3109-PROJECT; P3109-OMEGA-EXTREMA
lib/scalar-ops.maude	p3109-scalar-Add	src/generated_operations.jl	generated instance of shared arity kernel	inventory and source family tests	generated instance; follow template label in source	inherits template guards and ordered shared kernel	P3109-PROJECT; P3109-OMEGA-EXTREMA
lib/scalar-ops.maude	p3109-scalar-Subtract	src/generated_operations.jl	generated instance of shared arity kernel	inventory and source family tests	generated instance; follow template label in source	inherits template guards and ordered shared kernel	P3109-PROJECT; P3109-OMEGA-EXTREMA
lib/scalar-ops.maude	p3109-scalar-Multiply	src/generated_operations.jl	generated instance of shared arity kernel	inventory and source family tests	generated instance; follow template label in source	inherits template guards and ordered shared kernel	P3109-PROJECT; P3109-OMEGA-EXTREMA
lib/scalar-ops.maude	p3109-scalar-Divide	src/generated_operations.jl	generated instance of shared arity kernel	inventory and source family tests	generated instance; follow template label in source	inherits template guards and ordered shared kernel	P3109-PROJECT; P3109-OMEGA-EXTREMA
lib/scalar-ops.maude	p3109-scalar-FMA	src/generated_operations.jl	generated instance of shared arity kernel	inventory and source family tests	generated instance; follow template label in source	inherits template guards and ordered shared kernel	P3109-PROJECT; P3109-OMEGA-EXTREMA
lib/scalar-ops.maude	p3109-scalar-FAA	src/generated_operations.jl	generated instance of shared arity kernel	inventory and source family tests	generated instance; follow template label in source	inherits template guards and ordered shared kernel	P3109-PROJECT; P3109-OMEGA-EXTREMA
lib/scalar-ops.maude	p3109-scalar-Recip	src/generated_operations.jl	generated instance of shared arity kernel	inventory and source family tests	generated instance; follow template label in source	inherits template guards and ordered shared kernel	P3109-PROJECT; P3109-OMEGA-EXTREMA
lib/scalar-ops.maude	p3109-scalar-Minimum	src/generated_operations.jl	generated instance of shared arity kernel	inventory and source family tests	generated instance; follow template label in source	inherits template guards and ordered shared kernel	P3109-PROJECT; P3109-OMEGA-EXTREMA
lib/scalar-ops.maude	p3109-scalar-Maximum	src/generated_operations.jl	generated instance of shared arity kernel	inventory and source family tests	generated instance; follow template label in source	inherits template guards and ordered shared kernel	P3109-PROJECT; P3109-OMEGA-EXTREMA
lib/scalar-ops.maude	p3109-scalar-MinimumNumber	src/generated_operations.jl	generated instance of shared arity kernel	inventory and source family tests	generated instance; follow template label in source	inherits template guards and ordered shared kernel	P3109-PROJECT; P3109-OMEGA-EXTREMA
lib/scalar-ops.maude	p3109-scalar-MaximumNumber	src/generated_operations.jl	generated instance of shared arity kernel	inventory and source family tests	generated instance; follow template label in source	inherits template guards and ordered shared kernel	P3109-PROJECT; P3109-OMEGA-EXTREMA
lib/scalar-ops.maude	p3109-scalar-MinimumMagnitude	src/generated_operations.jl	generated instance of shared arity kernel	inventory and source family tests	generated instance; follow template label in source	inherits template guards and ordered shared kernel	P3109-PROJECT; P3109-OMEGA-EXTREMA
lib/scalar-ops.maude	p3109-scalar-MaximumMagnitude	src/generated_operations.jl	generated instance of shared arity kernel	inventory and source family tests	generated instance; follow template label in source	inherits template guards and ordered shared kernel	P3109-PROJECT; P3109-OMEGA-EXTREMA
lib/scalar-ops.maude	p3109-scalar-MinimumMagnitudeNumber	src/generated_operations.jl	generated instance of shared arity kernel	inventory and source family tests	generated instance; follow template label in source	inherits template guards and ordered shared kernel	P3109-PROJECT; P3109-OMEGA-EXTREMA
lib/scalar-ops.maude	p3109-scalar-MaximumMagnitudeNumber	src/generated_operations.jl	generated instance of shared arity kernel	inventory and source family tests	generated instance; follow template label in source	inherits template guards and ordered shared kernel	P3109-PROJECT; P3109-OMEGA-EXTREMA
lib/scalar-ops.maude	p3109-scalar-MinimumFinite	src/generated_operations.jl	generated instance of shared arity kernel	inventory and source family tests	generated instance; follow template label in source	inherits template guards and ordered shared kernel	P3109-PROJECT; P3109-OMEGA-EXTREMA
lib/scalar-ops.maude	p3109-scalar-MaximumFinite	src/generated_operations.jl	generated instance of shared arity kernel	inventory and source family tests	generated instance; follow template label in source	inherits template guards and ordered shared kernel	P3109-PROJECT; P3109-OMEGA-EXTREMA
lib/scalar-ops.maude	p3109-scalar-Clamp	src/generated_operations.jl	generated instance of shared arity kernel	inventory and source family tests	generated instance; follow template label in source	inherits template guards and ordered shared kernel	P3109-PROJECT; P3109-OMEGA-EXTREMA
lib/scalar-templates.maude	p3109-template-scalar-1	src/operations.jl	family implementation; source guards reviewed	finite source suites; no universal proof	clause=4.3.1; page=19-20	validCode(F1, C1) /\ validFormat(FR) /\ validProjection(PS)	P3109-XREAL; P3109-PROJECT; P3109-XREAL; P3109-PROJECT; P3109-XREAL; P3109-PROJECT
lib/scalar-templates.maude	p3109-template-scalar-2	src/operations.jl	family implementation; source guards reviewed	finite source suites; no universal proof	clause=4.3.1; page=19-20	validCode(F1, C1) /\ validCode(F2, C2) /\ validFormat(FR) /\ validProjection(PS)	P3109-XREAL; P3109-PROJECT; P3109-XREAL; P3109-PROJECT; P3109-XREAL; P3109-PROJECT
lib/scalar-templates.maude	p3109-template-scalar-3	src/operations.jl	family implementation; source guards reviewed	finite source suites; no universal proof	clause=4.3.1; page=19-20	validCode(F1, C1) /\ validCode(F2, C2) /\ validCode(F3, C3) /\ validFormat(FR) /\ validProjection(PS)	P3109-XREAL; P3109-PROJECT; P3109-XREAL; P3109-PROJECT; P3109-XREAL; P3109-PROJECT
lib/sequences.maude	p3109-sequences-001	src/operations.jl	family implementation; source guards reviewed	finite source suites; no universal proof	clause=5.2-5.3; page=61	unconditional; enclosing sort/membership restrictions apply	NAT
lib/sequences.maude	p3109-sequences-002	src/operations.jl	family implementation; source guards reviewed	finite source suites; no universal proof	clause=5.2-5.3; page=61	unconditional; enclosing sort/membership restrictions apply	NAT
lib/sequences.maude	p3109-sequences-003	src/operations.jl	family implementation; source guards reviewed	finite source suites; no universal proof	clause=5.2-5.3; page=61	unconditional; enclosing sort/membership restrictions apply	NAT
lib/sequences.maude	p3109-sequences-004	src/operations.jl	family implementation; source guards reviewed	finite source suites; no universal proof	clause=5.2-5.3; page=61	N > 0	NAT
lib/xreal.maude	p3109-xreal-000	src/values.jl	family implementation; source guards reviewed	finite source suites; no universal proof	clause=3.1; page=16	unconditional; enclosing sort/membership restrictions apply	RAT
lib/xreal.maude	p3109-xreal-001	src/values.jl	family implementation; source guards reviewed	finite source suites; no universal proof	clause=3.1; 4.12; 4.13; page=16; 53-56	unconditional; enclosing sort/membership restrictions apply	RAT
lib/xreal.maude	p3109-xreal-002	src/values.jl	family implementation; source guards reviewed	finite source suites; no universal proof	clause=3.1; 4.12; 4.13; page=16; 53-56	unconditional; enclosing sort/membership restrictions apply	RAT
lib/xreal.maude	p3109-xreal-003	src/values.jl	family implementation; source guards reviewed	finite source suites; no universal proof	clause=3.1; 4.12; 4.13; page=16; 53-56	unconditional; enclosing sort/membership restrictions apply	RAT
lib/xreal.maude	p3109-xreal-004	src/values.jl	family implementation; source guards reviewed	finite source suites; no universal proof	clause=3.1; 4.12; 4.13; page=16; 53-56	unconditional; enclosing sort/membership restrictions apply	RAT
lib/xreal.maude	p3109-xreal-005	src/values.jl	family implementation; source guards reviewed	finite source suites; no universal proof	clause=3.1; 4.12; 4.13; page=16; 53-56	unconditional; enclosing sort/membership restrictions apply	RAT
lib/xreal.maude	p3109-xreal-006	src/values.jl	family implementation; source guards reviewed	finite source suites; no universal proof	clause=3.1; 4.12; 4.13; page=16; 53-56	unconditional; enclosing sort/membership restrictions apply	RAT
lib/xreal.maude	p3109-xreal-007	src/values.jl	family implementation; source guards reviewed	finite source suites; no universal proof	clause=3.1; 4.12; 4.13; page=16; 53-56	unconditional; enclosing sort/membership restrictions apply	RAT
lib/xreal.maude	p3109-xreal-008	src/values.jl	family implementation; source guards reviewed	finite source suites; no universal proof	clause=3.1; 4.12; 4.13; page=16; 53-56	unconditional; enclosing sort/membership restrictions apply	RAT
lib/xreal.maude	p3109-xreal-009	src/values.jl	family implementation; source guards reviewed	finite source suites; no universal proof	clause=3.1; 4.12; 4.13; page=16; 53-56	unconditional; enclosing sort/membership restrictions apply	RAT
lib/xreal.maude	p3109-xreal-010	src/values.jl	family implementation; source guards reviewed	finite source suites; no universal proof	clause=3.1; 4.12; 4.13; page=16; 53-56	unconditional; enclosing sort/membership restrictions apply	RAT
lib/xreal.maude	p3109-xreal-011	src/values.jl	family implementation; source guards reviewed	finite source suites; no universal proof	clause=3.1; 4.12; 4.13; page=16; 53-56	unconditional; enclosing sort/membership restrictions apply	RAT
lib/xreal.maude	p3109-xreal-012	src/values.jl	family implementation; source guards reviewed	finite source suites; no universal proof	clause=3.1; 4.12; 4.13; page=16; 53-56	unconditional; enclosing sort/membership restrictions apply	RAT
lib/xreal.maude	p3109-xreal-013	src/values.jl	family implementation; source guards reviewed	finite source suites; no universal proof	clause=3.1; 4.12; 4.13; page=16; 53-56	unconditional; enclosing sort/membership restrictions apply	RAT
lib/xreal.maude	p3109-xreal-014	src/values.jl	family implementation; source guards reviewed	finite source suites; no universal proof	clause=3.1; 4.12; 4.13; page=16; 53-56	unconditional; enclosing sort/membership restrictions apply	RAT
lib/xreal.maude	p3109-xreal-015	src/values.jl	family implementation; source guards reviewed	finite source suites; no universal proof	clause=3.1; 4.12; 4.13; page=16; 53-56	unconditional; enclosing sort/membership restrictions apply	RAT
lib/xreal.maude	p3109-xreal-016	src/values.jl	family implementation; source guards reviewed	finite source suites; no universal proof	clause=3.1; 4.12; 4.13; page=16; 53-56	unconditional; enclosing sort/membership restrictions apply	RAT
lib/xreal.maude	p3109-xreal-017	src/values.jl	family implementation; source guards reviewed	finite source suites; no universal proof	clause=3.1; 4.12; 4.13; page=16; 53-56	unconditional; enclosing sort/membership restrictions apply	RAT
lib/xreal.maude	p3109-xreal-018	src/values.jl	family implementation; source guards reviewed	finite source suites; no universal proof	clause=3.1; 4.12; 4.13; page=16; 53-56	unconditional; enclosing sort/membership restrictions apply	RAT
lib/xreal.maude	p3109-xreal-019	src/values.jl	family implementation; source guards reviewed	finite source suites; no universal proof	clause=3.1; 4.12; 4.13; page=16; 53-56	unconditional; enclosing sort/membership restrictions apply	RAT
lib/xreal.maude	p3109-xreal-020	src/values.jl	family implementation; source guards reviewed	finite source suites; no universal proof	clause=3.1; 4.12; 4.13; page=16; 53-56	unconditional; enclosing sort/membership restrictions apply	RAT
lib/xreal.maude	p3109-xreal-021	src/values.jl	family implementation; source guards reviewed	finite source suites; no universal proof	clause=3.1; 4.12; 4.13; page=16; 53-56	unconditional; enclosing sort/membership restrictions apply	RAT
lib/xreal.maude	p3109-xreal-022	src/values.jl	family implementation; source guards reviewed	finite source suites; no universal proof	clause=3.1; 4.12; 4.13; page=16; 53-56	unconditional; enclosing sort/membership restrictions apply	RAT
lib/xreal.maude	p3109-xreal-023	src/values.jl	family implementation; source guards reviewed	finite source suites; no universal proof	clause=3.1; 4.12; 4.13; page=16; 53-56	unconditional; enclosing sort/membership restrictions apply	RAT
lib/xreal.maude	p3109-xreal-024	src/values.jl	family implementation; source guards reviewed	finite source suites; no universal proof	clause=3.1; 4.12; 4.13; page=16; 53-56	unconditional; enclosing sort/membership restrictions apply	RAT
lib/xreal.maude	p3109-xreal-025	src/values.jl	family implementation; source guards reviewed	finite source suites; no universal proof	clause=3.1; 4.12; 4.13; page=16; 53-56	unconditional; enclosing sort/membership restrictions apply	RAT
lib/xreal.maude	p3109-xreal-026	src/values.jl	family implementation; source guards reviewed	finite source suites; no universal proof	clause=3.1; 4.12; 4.13; page=16; 53-56	unconditional; enclosing sort/membership restrictions apply	RAT
lib/xreal.maude	p3109-xreal-027	src/values.jl	family implementation; source guards reviewed	finite source suites; no universal proof	clause=3.1; 4.12; 4.13; page=16; 53-56	unconditional; enclosing sort/membership restrictions apply	RAT
lib/xreal.maude	p3109-xreal-028	src/values.jl	family implementation; source guards reviewed	finite source suites; no universal proof	clause=3.1; 4.12; 4.13; page=16; 53-56	unconditional; enclosing sort/membership restrictions apply	RAT
lib/xreal.maude	p3109-xreal-029	src/values.jl	family implementation; source guards reviewed	finite source suites; no universal proof	clause=3.1; 4.12; 4.13; page=16; 53-56	unconditional; enclosing sort/membership restrictions apply	RAT
lib/xreal.maude	p3109-xreal-030	src/values.jl	family implementation; source guards reviewed	finite source suites; no universal proof	clause=3.1; 4.12; 4.13; page=16; 53-56	unconditional; enclosing sort/membership restrictions apply	RAT
lib/xreal.maude	p3109-xreal-031	src/values.jl	family implementation; source guards reviewed	finite source suites; no universal proof	clause=3.1; 4.12; 4.13; page=16; 53-56	unconditional; enclosing sort/membership restrictions apply	RAT
lib/xreal.maude	p3109-xreal-032	src/values.jl	family implementation; source guards reviewed	finite source suites; no universal proof	clause=3.1; 4.12; 4.13; page=16; 53-56	unconditional; enclosing sort/membership restrictions apply	RAT
lib/xreal.maude	p3109-xreal-033	src/values.jl	family implementation; source guards reviewed	finite source suites; no universal proof	clause=3.1; 4.12; 4.13; page=16; 53-56	unconditional; enclosing sort/membership restrictions apply	RAT
lib/xreal.maude	p3109-xreal-034	src/values.jl	family implementation; source guards reviewed	finite source suites; no universal proof	clause=3.1; 4.12; 4.13; page=16; 53-56	R == 0 then 0 else if R < 0 then -1 else 1 fi fi	RAT
proofs/slices/saturation-cases.maude	p3109-slice-nan	evidence/obligations.md	retained source evidence; no translated universal proof	evidence/obligations.tsv	source has no metadata	unconditional; enclosing sort/membership restrictions apply	
proofs/slices/saturation-cases.maude	p3109-slice-inrange	evidence/obligations.md	retained source evidence; no translated universal proof	evidence/obligations.tsv	source has no metadata	unconditional; enclosing sort/membership restrictions apply	
proofs/slices/saturation-cases.maude	p3109-slice-finite-posinf	evidence/obligations.md	retained source evidence; no translated universal proof	evidence/obligations.tsv	source has no metadata	unconditional; enclosing sort/membership restrictions apply	
proofs/slices/saturation-cases.maude	p3109-slice-finite-neginf	evidence/obligations.md	retained source evidence; no translated universal proof	evidence/obligations.tsv	source has no metadata	unconditional; enclosing sort/membership restrictions apply	
proofs/slices/saturation-cases.maude	p3109-slice-finite-high	evidence/obligations.md	retained source evidence; no translated universal proof	evidence/obligations.tsv	source has no metadata	unconditional; enclosing sort/membership restrictions apply	
proofs/slices/saturation-cases.maude	p3109-slice-finite-low	evidence/obligations.md	retained source evidence; no translated universal proof	evidence/obligations.tsv	source has no metadata	unconditional; enclosing sort/membership restrictions apply	
proofs/slices/saturation-cases.maude	p3109-slice-propagate-posinf-ext	evidence/obligations.md	retained source evidence; no translated universal proof	evidence/obligations.tsv	source has no metadata	unconditional; enclosing sort/membership restrictions apply	
proofs/slices/saturation-cases.maude	p3109-slice-propagate-posinf-fin	evidence/obligations.md	retained source evidence; no translated universal proof	evidence/obligations.tsv	source has no metadata	unconditional; enclosing sort/membership restrictions apply	
proofs/slices/saturation-cases.maude	p3109-slice-propagate-neginf-signed-ext	evidence/obligations.md	retained source evidence; no translated universal proof	evidence/obligations.tsv	source has no metadata	unconditional; enclosing sort/membership restrictions apply	
proofs/slices/saturation-cases.maude	p3109-slice-propagate-neginf-unsigned-ext	evidence/obligations.md	retained source evidence; no translated universal proof	evidence/obligations.tsv	source has no metadata	unconditional; enclosing sort/membership restrictions apply	
proofs/slices/saturation-cases.maude	p3109-slice-propagate-neginf-fin	evidence/obligations.md	retained source evidence; no translated universal proof	evidence/obligations.tsv	source has no metadata	unconditional; enclosing sort/membership restrictions apply	
proofs/slices/saturation-cases.maude	p3109-slice-propagate-low	evidence/obligations.md	retained source evidence; no translated universal proof	evidence/obligations.tsv	source has no metadata	unconditional; enclosing sort/membership restrictions apply	
proofs/slices/saturation-cases.maude	p3109-slice-propagate-high	evidence/obligations.md	retained source evidence; no translated universal proof	evidence/obligations.tsv	source has no metadata	unconditional; enclosing sort/membership restrictions apply	
proofs/slices/saturation-cases.maude	p3109-slice-none-posinf	evidence/obligations.md	retained source evidence; no translated universal proof	evidence/obligations.tsv	source has no metadata	unconditional; enclosing sort/membership restrictions apply	
proofs/slices/saturation-cases.maude	p3109-slice-none-neginf	evidence/obligations.md	retained source evidence; no translated universal proof	evidence/obligations.tsv	source has no metadata	unconditional; enclosing sort/membership restrictions apply	
proofs/slices/saturation-cases.maude	p3109-slice-none-high	evidence/obligations.md	retained source evidence; no translated universal proof	evidence/obligations.tsv	source has no metadata	unconditional; enclosing sort/membership restrictions apply	
proofs/slices/saturation-cases.maude	p3109-slice-none-low	evidence/obligations.md	retained source evidence; no translated universal proof	evidence/obligations.tsv	source has no metadata	unconditional; enclosing sort/membership restrictions apply	
proofs/slices/saturation-cases.maude	p3109-slice-high-zero	evidence/obligations.md	retained source evidence; no translated universal proof	evidence/obligations.tsv	source has no metadata	unconditional; enclosing sort/membership restrictions apply	
proofs/slices/saturation-cases.maude	p3109-slice-high-down	evidence/obligations.md	retained source evidence; no translated universal proof	evidence/obligations.tsv	source has no metadata	unconditional; enclosing sort/membership restrictions apply	
proofs/slices/saturation-cases.maude	p3109-slice-high-up	evidence/obligations.md	retained source evidence; no translated universal proof	evidence/obligations.tsv	source has no metadata	unconditional; enclosing sort/membership restrictions apply	
proofs/slices/saturation-cases.maude	p3109-slice-high-other	evidence/obligations.md	retained source evidence; no translated universal proof	evidence/obligations.tsv	source has no metadata	unconditional; enclosing sort/membership restrictions apply	
proofs/slices/saturation-cases.maude	p3109-slice-low-zero	evidence/obligations.md	retained source evidence; no translated universal proof	evidence/obligations.tsv	source has no metadata	unconditional; enclosing sort/membership restrictions apply	
proofs/slices/saturation-cases.maude	p3109-slice-low-up	evidence/obligations.md	retained source evidence; no translated universal proof	evidence/obligations.tsv	source has no metadata	unconditional; enclosing sort/membership restrictions apply	
proofs/slices/saturation-cases.maude	p3109-slice-low-down	evidence/obligations.md	retained source evidence; no translated universal proof	evidence/obligations.tsv	source has no metadata	unconditional; enclosing sort/membership restrictions apply	
proofs/slices/saturation-cases.maude	p3109-slice-low-other	evidence/obligations.md	retained source evidence; no translated universal proof	evidence/obligations.tsv	source has no metadata	unconditional; enclosing sort/membership restrictions apply	
proofs/slices/saturation-cases.maude	p3109-slice-high-ext	evidence/obligations.md	retained source evidence; no translated universal proof	evidence/obligations.tsv	source has no metadata	unconditional; enclosing sort/membership restrictions apply	
proofs/slices/saturation-cases.maude	p3109-slice-high-fin	evidence/obligations.md	retained source evidence; no translated universal proof	evidence/obligations.tsv	source has no metadata	unconditional; enclosing sort/membership restrictions apply	
proofs/slices/saturation-cases.maude	p3109-slice-low-signed-ext	evidence/obligations.md	retained source evidence; no translated universal proof	evidence/obligations.tsv	source has no metadata	unconditional; enclosing sort/membership restrictions apply	
proofs/slices/saturation-cases.maude	p3109-slice-low-unsigned-ext	evidence/obligations.md	retained source evidence; no translated universal proof	evidence/obligations.tsv	source has no metadata	unconditional; enclosing sort/membership restrictions apply	
proofs/slices/saturation-cases.maude	p3109-slice-low-fin	evidence/obligations.md	retained source evidence; no translated universal proof	evidence/obligations.tsv	source has no metadata	unconditional; enclosing sort/membership restrictions apply	
proofs/toolchain-smoke.maude	p3109-proof-flip-off	evidence/obligations.md	retained source evidence; no translated universal proof	evidence/obligations.tsv	source has no metadata	unconditional; enclosing sort/membership restrictions apply	
proofs/toolchain-smoke.maude	p3109-proof-flip-on	evidence/obligations.md	retained source evidence; no translated universal proof	evidence/obligations.tsv	source has no metadata	unconditional; enclosing sort/membership restrictions apply	
symbolic/block-wrappers.maude	p3109-block-Sqrt	src/generated_operations.jl	generated instance of shared arity kernel	inventory and source family tests	generated instance; follow template label in source	inherits template guards and ordered shared kernel	P3109-BLOCK; P3109-OMEGA-ELEMENTARY
symbolic/block-wrappers.maude	p3109-map-Sqrt-nil	src/generated_operations.jl	generated instance of shared arity kernel	inventory and source family tests	generated instance; follow template label in source	inherits template guards and ordered shared kernel	P3109-BLOCK; P3109-OMEGA-ELEMENTARY
symbolic/block-wrappers.maude	p3109-map-Sqrt-cons	src/generated_operations.jl	generated instance of shared arity kernel	inventory and source family tests	generated instance; follow template label in source	inherits template guards and ordered shared kernel	P3109-BLOCK; P3109-OMEGA-ELEMENTARY
symbolic/block-wrappers.maude	p3109-scaled-Sqrt	src/generated_operations.jl	generated instance of shared arity kernel	inventory and source family tests	generated instance; follow template label in source	inherits template guards and ordered shared kernel	P3109-BLOCK; P3109-OMEGA-ELEMENTARY
symbolic/block-wrappers.maude	p3109-block-RSqrt	src/generated_operations.jl	generated instance of shared arity kernel	inventory and source family tests	generated instance; follow template label in source	inherits template guards and ordered shared kernel	P3109-BLOCK; P3109-OMEGA-ELEMENTARY
symbolic/block-wrappers.maude	p3109-map-RSqrt-nil	src/generated_operations.jl	generated instance of shared arity kernel	inventory and source family tests	generated instance; follow template label in source	inherits template guards and ordered shared kernel	P3109-BLOCK; P3109-OMEGA-ELEMENTARY
symbolic/block-wrappers.maude	p3109-map-RSqrt-cons	src/generated_operations.jl	generated instance of shared arity kernel	inventory and source family tests	generated instance; follow template label in source	inherits template guards and ordered shared kernel	P3109-BLOCK; P3109-OMEGA-ELEMENTARY
symbolic/block-wrappers.maude	p3109-scaled-RSqrt	src/generated_operations.jl	generated instance of shared arity kernel	inventory and source family tests	generated instance; follow template label in source	inherits template guards and ordered shared kernel	P3109-BLOCK; P3109-OMEGA-ELEMENTARY
symbolic/block-wrappers.maude	p3109-block-Exp	src/generated_operations.jl	generated instance of shared arity kernel	inventory and source family tests	generated instance; follow template label in source	inherits template guards and ordered shared kernel	P3109-BLOCK; P3109-OMEGA-ELEMENTARY
symbolic/block-wrappers.maude	p3109-map-Exp-nil	src/generated_operations.jl	generated instance of shared arity kernel	inventory and source family tests	generated instance; follow template label in source	inherits template guards and ordered shared kernel	P3109-BLOCK; P3109-OMEGA-ELEMENTARY
symbolic/block-wrappers.maude	p3109-map-Exp-cons	src/generated_operations.jl	generated instance of shared arity kernel	inventory and source family tests	generated instance; follow template label in source	inherits template guards and ordered shared kernel	P3109-BLOCK; P3109-OMEGA-ELEMENTARY
symbolic/block-wrappers.maude	p3109-scaled-Exp	src/generated_operations.jl	generated instance of shared arity kernel	inventory and source family tests	generated instance; follow template label in source	inherits template guards and ordered shared kernel	P3109-BLOCK; P3109-OMEGA-ELEMENTARY
symbolic/block-wrappers.maude	p3109-block-Exp2	src/generated_operations.jl	generated instance of shared arity kernel	inventory and source family tests	generated instance; follow template label in source	inherits template guards and ordered shared kernel	P3109-BLOCK; P3109-OMEGA-ELEMENTARY
symbolic/block-wrappers.maude	p3109-map-Exp2-nil	src/generated_operations.jl	generated instance of shared arity kernel	inventory and source family tests	generated instance; follow template label in source	inherits template guards and ordered shared kernel	P3109-BLOCK; P3109-OMEGA-ELEMENTARY
symbolic/block-wrappers.maude	p3109-map-Exp2-cons	src/generated_operations.jl	generated instance of shared arity kernel	inventory and source family tests	generated instance; follow template label in source	inherits template guards and ordered shared kernel	P3109-BLOCK; P3109-OMEGA-ELEMENTARY
symbolic/block-wrappers.maude	p3109-scaled-Exp2	src/generated_operations.jl	generated instance of shared arity kernel	inventory and source family tests	generated instance; follow template label in source	inherits template guards and ordered shared kernel	P3109-BLOCK; P3109-OMEGA-ELEMENTARY
symbolic/block-wrappers.maude	p3109-block-Log	src/generated_operations.jl	generated instance of shared arity kernel	inventory and source family tests	generated instance; follow template label in source	inherits template guards and ordered shared kernel	P3109-BLOCK; P3109-OMEGA-ELEMENTARY
symbolic/block-wrappers.maude	p3109-map-Log-nil	src/generated_operations.jl	generated instance of shared arity kernel	inventory and source family tests	generated instance; follow template label in source	inherits template guards and ordered shared kernel	P3109-BLOCK; P3109-OMEGA-ELEMENTARY
symbolic/block-wrappers.maude	p3109-map-Log-cons	src/generated_operations.jl	generated instance of shared arity kernel	inventory and source family tests	generated instance; follow template label in source	inherits template guards and ordered shared kernel	P3109-BLOCK; P3109-OMEGA-ELEMENTARY
symbolic/block-wrappers.maude	p3109-scaled-Log	src/generated_operations.jl	generated instance of shared arity kernel	inventory and source family tests	generated instance; follow template label in source	inherits template guards and ordered shared kernel	P3109-BLOCK; P3109-OMEGA-ELEMENTARY
symbolic/block-wrappers.maude	p3109-block-Log2	src/generated_operations.jl	generated instance of shared arity kernel	inventory and source family tests	generated instance; follow template label in source	inherits template guards and ordered shared kernel	P3109-BLOCK; P3109-OMEGA-ELEMENTARY
symbolic/block-wrappers.maude	p3109-map-Log2-nil	src/generated_operations.jl	generated instance of shared arity kernel	inventory and source family tests	generated instance; follow template label in source	inherits template guards and ordered shared kernel	P3109-BLOCK; P3109-OMEGA-ELEMENTARY
symbolic/block-wrappers.maude	p3109-map-Log2-cons	src/generated_operations.jl	generated instance of shared arity kernel	inventory and source family tests	generated instance; follow template label in source	inherits template guards and ordered shared kernel	P3109-BLOCK; P3109-OMEGA-ELEMENTARY
symbolic/block-wrappers.maude	p3109-scaled-Log2	src/generated_operations.jl	generated instance of shared arity kernel	inventory and source family tests	generated instance; follow template label in source	inherits template guards and ordered shared kernel	P3109-BLOCK; P3109-OMEGA-ELEMENTARY
symbolic/block-wrappers.maude	p3109-block-LogOnePlus	src/generated_operations.jl	generated instance of shared arity kernel	inventory and source family tests	generated instance; follow template label in source	inherits template guards and ordered shared kernel	P3109-BLOCK; P3109-OMEGA-ELEMENTARY
symbolic/block-wrappers.maude	p3109-map-LogOnePlus-nil	src/generated_operations.jl	generated instance of shared arity kernel	inventory and source family tests	generated instance; follow template label in source	inherits template guards and ordered shared kernel	P3109-BLOCK; P3109-OMEGA-ELEMENTARY
symbolic/block-wrappers.maude	p3109-map-LogOnePlus-cons	src/generated_operations.jl	generated instance of shared arity kernel	inventory and source family tests	generated instance; follow template label in source	inherits template guards and ordered shared kernel	P3109-BLOCK; P3109-OMEGA-ELEMENTARY
symbolic/block-wrappers.maude	p3109-scaled-LogOnePlus	src/generated_operations.jl	generated instance of shared arity kernel	inventory and source family tests	generated instance; follow template label in source	inherits template guards and ordered shared kernel	P3109-BLOCK; P3109-OMEGA-ELEMENTARY
symbolic/block-wrappers.maude	p3109-block-ExpMinusOne	src/generated_operations.jl	generated instance of shared arity kernel	inventory and source family tests	generated instance; follow template label in source	inherits template guards and ordered shared kernel	P3109-BLOCK; P3109-OMEGA-ELEMENTARY
symbolic/block-wrappers.maude	p3109-map-ExpMinusOne-nil	src/generated_operations.jl	generated instance of shared arity kernel	inventory and source family tests	generated instance; follow template label in source	inherits template guards and ordered shared kernel	P3109-BLOCK; P3109-OMEGA-ELEMENTARY
symbolic/block-wrappers.maude	p3109-map-ExpMinusOne-cons	src/generated_operations.jl	generated instance of shared arity kernel	inventory and source family tests	generated instance; follow template label in source	inherits template guards and ordered shared kernel	P3109-BLOCK; P3109-OMEGA-ELEMENTARY
symbolic/block-wrappers.maude	p3109-scaled-ExpMinusOne	src/generated_operations.jl	generated instance of shared arity kernel	inventory and source family tests	generated instance; follow template label in source	inherits template guards and ordered shared kernel	P3109-BLOCK; P3109-OMEGA-ELEMENTARY
symbolic/block-wrappers.maude	p3109-block-Sin	src/generated_operations.jl	generated instance of shared arity kernel	inventory and source family tests	generated instance; follow template label in source	inherits template guards and ordered shared kernel	P3109-BLOCK; P3109-OMEGA-ELEMENTARY
symbolic/block-wrappers.maude	p3109-map-Sin-nil	src/generated_operations.jl	generated instance of shared arity kernel	inventory and source family tests	generated instance; follow template label in source	inherits template guards and ordered shared kernel	P3109-BLOCK; P3109-OMEGA-ELEMENTARY
symbolic/block-wrappers.maude	p3109-map-Sin-cons	src/generated_operations.jl	generated instance of shared arity kernel	inventory and source family tests	generated instance; follow template label in source	inherits template guards and ordered shared kernel	P3109-BLOCK; P3109-OMEGA-ELEMENTARY
symbolic/block-wrappers.maude	p3109-scaled-Sin	src/generated_operations.jl	generated instance of shared arity kernel	inventory and source family tests	generated instance; follow template label in source	inherits template guards and ordered shared kernel	P3109-BLOCK; P3109-OMEGA-ELEMENTARY
symbolic/block-wrappers.maude	p3109-block-Cos	src/generated_operations.jl	generated instance of shared arity kernel	inventory and source family tests	generated instance; follow template label in source	inherits template guards and ordered shared kernel	P3109-BLOCK; P3109-OMEGA-ELEMENTARY
symbolic/block-wrappers.maude	p3109-map-Cos-nil	src/generated_operations.jl	generated instance of shared arity kernel	inventory and source family tests	generated instance; follow template label in source	inherits template guards and ordered shared kernel	P3109-BLOCK; P3109-OMEGA-ELEMENTARY
symbolic/block-wrappers.maude	p3109-map-Cos-cons	src/generated_operations.jl	generated instance of shared arity kernel	inventory and source family tests	generated instance; follow template label in source	inherits template guards and ordered shared kernel	P3109-BLOCK; P3109-OMEGA-ELEMENTARY
symbolic/block-wrappers.maude	p3109-scaled-Cos	src/generated_operations.jl	generated instance of shared arity kernel	inventory and source family tests	generated instance; follow template label in source	inherits template guards and ordered shared kernel	P3109-BLOCK; P3109-OMEGA-ELEMENTARY
symbolic/block-wrappers.maude	p3109-block-Tan	src/generated_operations.jl	generated instance of shared arity kernel	inventory and source family tests	generated instance; follow template label in source	inherits template guards and ordered shared kernel	P3109-BLOCK; P3109-OMEGA-ELEMENTARY
symbolic/block-wrappers.maude	p3109-map-Tan-nil	src/generated_operations.jl	generated instance of shared arity kernel	inventory and source family tests	generated instance; follow template label in source	inherits template guards and ordered shared kernel	P3109-BLOCK; P3109-OMEGA-ELEMENTARY
symbolic/block-wrappers.maude	p3109-map-Tan-cons	src/generated_operations.jl	generated instance of shared arity kernel	inventory and source family tests	generated instance; follow template label in source	inherits template guards and ordered shared kernel	P3109-BLOCK; P3109-OMEGA-ELEMENTARY
symbolic/block-wrappers.maude	p3109-scaled-Tan	src/generated_operations.jl	generated instance of shared arity kernel	inventory and source family tests	generated instance; follow template label in source	inherits template guards and ordered shared kernel	P3109-BLOCK; P3109-OMEGA-ELEMENTARY
symbolic/block-wrappers.maude	p3109-block-ArcSin	src/generated_operations.jl	generated instance of shared arity kernel	inventory and source family tests	generated instance; follow template label in source	inherits template guards and ordered shared kernel	P3109-BLOCK; P3109-OMEGA-ELEMENTARY
symbolic/block-wrappers.maude	p3109-map-ArcSin-nil	src/generated_operations.jl	generated instance of shared arity kernel	inventory and source family tests	generated instance; follow template label in source	inherits template guards and ordered shared kernel	P3109-BLOCK; P3109-OMEGA-ELEMENTARY
symbolic/block-wrappers.maude	p3109-map-ArcSin-cons	src/generated_operations.jl	generated instance of shared arity kernel	inventory and source family tests	generated instance; follow template label in source	inherits template guards and ordered shared kernel	P3109-BLOCK; P3109-OMEGA-ELEMENTARY
symbolic/block-wrappers.maude	p3109-scaled-ArcSin	src/generated_operations.jl	generated instance of shared arity kernel	inventory and source family tests	generated instance; follow template label in source	inherits template guards and ordered shared kernel	P3109-BLOCK; P3109-OMEGA-ELEMENTARY
symbolic/block-wrappers.maude	p3109-block-ArcCos	src/generated_operations.jl	generated instance of shared arity kernel	inventory and source family tests	generated instance; follow template label in source	inherits template guards and ordered shared kernel	P3109-BLOCK; P3109-OMEGA-ELEMENTARY
symbolic/block-wrappers.maude	p3109-map-ArcCos-nil	src/generated_operations.jl	generated instance of shared arity kernel	inventory and source family tests	generated instance; follow template label in source	inherits template guards and ordered shared kernel	P3109-BLOCK; P3109-OMEGA-ELEMENTARY
symbolic/block-wrappers.maude	p3109-map-ArcCos-cons	src/generated_operations.jl	generated instance of shared arity kernel	inventory and source family tests	generated instance; follow template label in source	inherits template guards and ordered shared kernel	P3109-BLOCK; P3109-OMEGA-ELEMENTARY
symbolic/block-wrappers.maude	p3109-scaled-ArcCos	src/generated_operations.jl	generated instance of shared arity kernel	inventory and source family tests	generated instance; follow template label in source	inherits template guards and ordered shared kernel	P3109-BLOCK; P3109-OMEGA-ELEMENTARY
symbolic/block-wrappers.maude	p3109-block-ArcTan	src/generated_operations.jl	generated instance of shared arity kernel	inventory and source family tests	generated instance; follow template label in source	inherits template guards and ordered shared kernel	P3109-BLOCK; P3109-OMEGA-ELEMENTARY
symbolic/block-wrappers.maude	p3109-map-ArcTan-nil	src/generated_operations.jl	generated instance of shared arity kernel	inventory and source family tests	generated instance; follow template label in source	inherits template guards and ordered shared kernel	P3109-BLOCK; P3109-OMEGA-ELEMENTARY
symbolic/block-wrappers.maude	p3109-map-ArcTan-cons	src/generated_operations.jl	generated instance of shared arity kernel	inventory and source family tests	generated instance; follow template label in source	inherits template guards and ordered shared kernel	P3109-BLOCK; P3109-OMEGA-ELEMENTARY
symbolic/block-wrappers.maude	p3109-scaled-ArcTan	src/generated_operations.jl	generated instance of shared arity kernel	inventory and source family tests	generated instance; follow template label in source	inherits template guards and ordered shared kernel	P3109-BLOCK; P3109-OMEGA-ELEMENTARY
symbolic/block-wrappers.maude	p3109-block-Sinh	src/generated_operations.jl	generated instance of shared arity kernel	inventory and source family tests	generated instance; follow template label in source	inherits template guards and ordered shared kernel	P3109-BLOCK; P3109-OMEGA-ELEMENTARY
symbolic/block-wrappers.maude	p3109-map-Sinh-nil	src/generated_operations.jl	generated instance of shared arity kernel	inventory and source family tests	generated instance; follow template label in source	inherits template guards and ordered shared kernel	P3109-BLOCK; P3109-OMEGA-ELEMENTARY
symbolic/block-wrappers.maude	p3109-map-Sinh-cons	src/generated_operations.jl	generated instance of shared arity kernel	inventory and source family tests	generated instance; follow template label in source	inherits template guards and ordered shared kernel	P3109-BLOCK; P3109-OMEGA-ELEMENTARY
symbolic/block-wrappers.maude	p3109-scaled-Sinh	src/generated_operations.jl	generated instance of shared arity kernel	inventory and source family tests	generated instance; follow template label in source	inherits template guards and ordered shared kernel	P3109-BLOCK; P3109-OMEGA-ELEMENTARY
symbolic/block-wrappers.maude	p3109-block-Cosh	src/generated_operations.jl	generated instance of shared arity kernel	inventory and source family tests	generated instance; follow template label in source	inherits template guards and ordered shared kernel	P3109-BLOCK; P3109-OMEGA-ELEMENTARY
symbolic/block-wrappers.maude	p3109-map-Cosh-nil	src/generated_operations.jl	generated instance of shared arity kernel	inventory and source family tests	generated instance; follow template label in source	inherits template guards and ordered shared kernel	P3109-BLOCK; P3109-OMEGA-ELEMENTARY
symbolic/block-wrappers.maude	p3109-map-Cosh-cons	src/generated_operations.jl	generated instance of shared arity kernel	inventory and source family tests	generated instance; follow template label in source	inherits template guards and ordered shared kernel	P3109-BLOCK; P3109-OMEGA-ELEMENTARY
symbolic/block-wrappers.maude	p3109-scaled-Cosh	src/generated_operations.jl	generated instance of shared arity kernel	inventory and source family tests	generated instance; follow template label in source	inherits template guards and ordered shared kernel	P3109-BLOCK; P3109-OMEGA-ELEMENTARY
symbolic/block-wrappers.maude	p3109-block-Tanh	src/generated_operations.jl	generated instance of shared arity kernel	inventory and source family tests	generated instance; follow template label in source	inherits template guards and ordered shared kernel	P3109-BLOCK; P3109-OMEGA-ELEMENTARY
symbolic/block-wrappers.maude	p3109-map-Tanh-nil	src/generated_operations.jl	generated instance of shared arity kernel	inventory and source family tests	generated instance; follow template label in source	inherits template guards and ordered shared kernel	P3109-BLOCK; P3109-OMEGA-ELEMENTARY
symbolic/block-wrappers.maude	p3109-map-Tanh-cons	src/generated_operations.jl	generated instance of shared arity kernel	inventory and source family tests	generated instance; follow template label in source	inherits template guards and ordered shared kernel	P3109-BLOCK; P3109-OMEGA-ELEMENTARY
symbolic/block-wrappers.maude	p3109-scaled-Tanh	src/generated_operations.jl	generated instance of shared arity kernel	inventory and source family tests	generated instance; follow template label in source	inherits template guards and ordered shared kernel	P3109-BLOCK; P3109-OMEGA-ELEMENTARY
symbolic/block-wrappers.maude	p3109-block-ArcSinh	src/generated_operations.jl	generated instance of shared arity kernel	inventory and source family tests	generated instance; follow template label in source	inherits template guards and ordered shared kernel	P3109-BLOCK; P3109-OMEGA-ELEMENTARY
symbolic/block-wrappers.maude	p3109-map-ArcSinh-nil	src/generated_operations.jl	generated instance of shared arity kernel	inventory and source family tests	generated instance; follow template label in source	inherits template guards and ordered shared kernel	P3109-BLOCK; P3109-OMEGA-ELEMENTARY
symbolic/block-wrappers.maude	p3109-map-ArcSinh-cons	src/generated_operations.jl	generated instance of shared arity kernel	inventory and source family tests	generated instance; follow template label in source	inherits template guards and ordered shared kernel	P3109-BLOCK; P3109-OMEGA-ELEMENTARY
symbolic/block-wrappers.maude	p3109-scaled-ArcSinh	src/generated_operations.jl	generated instance of shared arity kernel	inventory and source family tests	generated instance; follow template label in source	inherits template guards and ordered shared kernel	P3109-BLOCK; P3109-OMEGA-ELEMENTARY
symbolic/block-wrappers.maude	p3109-block-ArcCosh	src/generated_operations.jl	generated instance of shared arity kernel	inventory and source family tests	generated instance; follow template label in source	inherits template guards and ordered shared kernel	P3109-BLOCK; P3109-OMEGA-ELEMENTARY
symbolic/block-wrappers.maude	p3109-map-ArcCosh-nil	src/generated_operations.jl	generated instance of shared arity kernel	inventory and source family tests	generated instance; follow template label in source	inherits template guards and ordered shared kernel	P3109-BLOCK; P3109-OMEGA-ELEMENTARY
symbolic/block-wrappers.maude	p3109-map-ArcCosh-cons	src/generated_operations.jl	generated instance of shared arity kernel	inventory and source family tests	generated instance; follow template label in source	inherits template guards and ordered shared kernel	P3109-BLOCK; P3109-OMEGA-ELEMENTARY
symbolic/block-wrappers.maude	p3109-scaled-ArcCosh	src/generated_operations.jl	generated instance of shared arity kernel	inventory and source family tests	generated instance; follow template label in source	inherits template guards and ordered shared kernel	P3109-BLOCK; P3109-OMEGA-ELEMENTARY
symbolic/block-wrappers.maude	p3109-block-ArcTanh	src/generated_operations.jl	generated instance of shared arity kernel	inventory and source family tests	generated instance; follow template label in source	inherits template guards and ordered shared kernel	P3109-BLOCK; P3109-OMEGA-ELEMENTARY
symbolic/block-wrappers.maude	p3109-map-ArcTanh-nil	src/generated_operations.jl	generated instance of shared arity kernel	inventory and source family tests	generated instance; follow template label in source	inherits template guards and ordered shared kernel	P3109-BLOCK; P3109-OMEGA-ELEMENTARY
symbolic/block-wrappers.maude	p3109-map-ArcTanh-cons	src/generated_operations.jl	generated instance of shared arity kernel	inventory and source family tests	generated instance; follow template label in source	inherits template guards and ordered shared kernel	P3109-BLOCK; P3109-OMEGA-ELEMENTARY
symbolic/block-wrappers.maude	p3109-scaled-ArcTanh	src/generated_operations.jl	generated instance of shared arity kernel	inventory and source family tests	generated instance; follow template label in source	inherits template guards and ordered shared kernel	P3109-BLOCK; P3109-OMEGA-ELEMENTARY
symbolic/block-wrappers.maude	p3109-block-SinPi	src/generated_operations.jl	generated instance of shared arity kernel	inventory and source family tests	generated instance; follow template label in source	inherits template guards and ordered shared kernel	P3109-BLOCK; P3109-OMEGA-ELEMENTARY
symbolic/block-wrappers.maude	p3109-map-SinPi-nil	src/generated_operations.jl	generated instance of shared arity kernel	inventory and source family tests	generated instance; follow template label in source	inherits template guards and ordered shared kernel	P3109-BLOCK; P3109-OMEGA-ELEMENTARY
symbolic/block-wrappers.maude	p3109-map-SinPi-cons	src/generated_operations.jl	generated instance of shared arity kernel	inventory and source family tests	generated instance; follow template label in source	inherits template guards and ordered shared kernel	P3109-BLOCK; P3109-OMEGA-ELEMENTARY
symbolic/block-wrappers.maude	p3109-scaled-SinPi	src/generated_operations.jl	generated instance of shared arity kernel	inventory and source family tests	generated instance; follow template label in source	inherits template guards and ordered shared kernel	P3109-BLOCK; P3109-OMEGA-ELEMENTARY
symbolic/block-wrappers.maude	p3109-block-CosPi	src/generated_operations.jl	generated instance of shared arity kernel	inventory and source family tests	generated instance; follow template label in source	inherits template guards and ordered shared kernel	P3109-BLOCK; P3109-OMEGA-ELEMENTARY
symbolic/block-wrappers.maude	p3109-map-CosPi-nil	src/generated_operations.jl	generated instance of shared arity kernel	inventory and source family tests	generated instance; follow template label in source	inherits template guards and ordered shared kernel	P3109-BLOCK; P3109-OMEGA-ELEMENTARY
symbolic/block-wrappers.maude	p3109-map-CosPi-cons	src/generated_operations.jl	generated instance of shared arity kernel	inventory and source family tests	generated instance; follow template label in source	inherits template guards and ordered shared kernel	P3109-BLOCK; P3109-OMEGA-ELEMENTARY
symbolic/block-wrappers.maude	p3109-scaled-CosPi	src/generated_operations.jl	generated instance of shared arity kernel	inventory and source family tests	generated instance; follow template label in source	inherits template guards and ordered shared kernel	P3109-BLOCK; P3109-OMEGA-ELEMENTARY
symbolic/block-wrappers.maude	p3109-block-TanPi	src/generated_operations.jl	generated instance of shared arity kernel	inventory and source family tests	generated instance; follow template label in source	inherits template guards and ordered shared kernel	P3109-BLOCK; P3109-OMEGA-ELEMENTARY
symbolic/block-wrappers.maude	p3109-map-TanPi-nil	src/generated_operations.jl	generated instance of shared arity kernel	inventory and source family tests	generated instance; follow template label in source	inherits template guards and ordered shared kernel	P3109-BLOCK; P3109-OMEGA-ELEMENTARY
symbolic/block-wrappers.maude	p3109-map-TanPi-cons	src/generated_operations.jl	generated instance of shared arity kernel	inventory and source family tests	generated instance; follow template label in source	inherits template guards and ordered shared kernel	P3109-BLOCK; P3109-OMEGA-ELEMENTARY
symbolic/block-wrappers.maude	p3109-scaled-TanPi	src/generated_operations.jl	generated instance of shared arity kernel	inventory and source family tests	generated instance; follow template label in source	inherits template guards and ordered shared kernel	P3109-BLOCK; P3109-OMEGA-ELEMENTARY
symbolic/block-wrappers.maude	p3109-block-ArcSinPi	src/generated_operations.jl	generated instance of shared arity kernel	inventory and source family tests	generated instance; follow template label in source	inherits template guards and ordered shared kernel	P3109-BLOCK; P3109-OMEGA-ELEMENTARY
symbolic/block-wrappers.maude	p3109-map-ArcSinPi-nil	src/generated_operations.jl	generated instance of shared arity kernel	inventory and source family tests	generated instance; follow template label in source	inherits template guards and ordered shared kernel	P3109-BLOCK; P3109-OMEGA-ELEMENTARY
symbolic/block-wrappers.maude	p3109-map-ArcSinPi-cons	src/generated_operations.jl	generated instance of shared arity kernel	inventory and source family tests	generated instance; follow template label in source	inherits template guards and ordered shared kernel	P3109-BLOCK; P3109-OMEGA-ELEMENTARY
symbolic/block-wrappers.maude	p3109-scaled-ArcSinPi	src/generated_operations.jl	generated instance of shared arity kernel	inventory and source family tests	generated instance; follow template label in source	inherits template guards and ordered shared kernel	P3109-BLOCK; P3109-OMEGA-ELEMENTARY
symbolic/block-wrappers.maude	p3109-block-ArcCosPi	src/generated_operations.jl	generated instance of shared arity kernel	inventory and source family tests	generated instance; follow template label in source	inherits template guards and ordered shared kernel	P3109-BLOCK; P3109-OMEGA-ELEMENTARY
symbolic/block-wrappers.maude	p3109-map-ArcCosPi-nil	src/generated_operations.jl	generated instance of shared arity kernel	inventory and source family tests	generated instance; follow template label in source	inherits template guards and ordered shared kernel	P3109-BLOCK; P3109-OMEGA-ELEMENTARY
symbolic/block-wrappers.maude	p3109-map-ArcCosPi-cons	src/generated_operations.jl	generated instance of shared arity kernel	inventory and source family tests	generated instance; follow template label in source	inherits template guards and ordered shared kernel	P3109-BLOCK; P3109-OMEGA-ELEMENTARY
symbolic/block-wrappers.maude	p3109-scaled-ArcCosPi	src/generated_operations.jl	generated instance of shared arity kernel	inventory and source family tests	generated instance; follow template label in source	inherits template guards and ordered shared kernel	P3109-BLOCK; P3109-OMEGA-ELEMENTARY
symbolic/block-wrappers.maude	p3109-block-ArcTanPi	src/generated_operations.jl	generated instance of shared arity kernel	inventory and source family tests	generated instance; follow template label in source	inherits template guards and ordered shared kernel	P3109-BLOCK; P3109-OMEGA-ELEMENTARY
symbolic/block-wrappers.maude	p3109-map-ArcTanPi-nil	src/generated_operations.jl	generated instance of shared arity kernel	inventory and source family tests	generated instance; follow template label in source	inherits template guards and ordered shared kernel	P3109-BLOCK; P3109-OMEGA-ELEMENTARY
symbolic/block-wrappers.maude	p3109-map-ArcTanPi-cons	src/generated_operations.jl	generated instance of shared arity kernel	inventory and source family tests	generated instance; follow template label in source	inherits template guards and ordered shared kernel	P3109-BLOCK; P3109-OMEGA-ELEMENTARY
symbolic/block-wrappers.maude	p3109-scaled-ArcTanPi	src/generated_operations.jl	generated instance of shared arity kernel	inventory and source family tests	generated instance; follow template label in source	inherits template guards and ordered shared kernel	P3109-BLOCK; P3109-OMEGA-ELEMENTARY
symbolic/block-wrappers.maude	p3109-block-Softplus	src/generated_operations.jl	generated instance of shared arity kernel	inventory and source family tests	generated instance; follow template label in source	inherits template guards and ordered shared kernel	P3109-BLOCK; P3109-OMEGA-ELEMENTARY
symbolic/block-wrappers.maude	p3109-map-Softplus-nil	src/generated_operations.jl	generated instance of shared arity kernel	inventory and source family tests	generated instance; follow template label in source	inherits template guards and ordered shared kernel	P3109-BLOCK; P3109-OMEGA-ELEMENTARY
symbolic/block-wrappers.maude	p3109-map-Softplus-cons	src/generated_operations.jl	generated instance of shared arity kernel	inventory and source family tests	generated instance; follow template label in source	inherits template guards and ordered shared kernel	P3109-BLOCK; P3109-OMEGA-ELEMENTARY
symbolic/block-wrappers.maude	p3109-scaled-Softplus	src/generated_operations.jl	generated instance of shared arity kernel	inventory and source family tests	generated instance; follow template label in source	inherits template guards and ordered shared kernel	P3109-BLOCK; P3109-OMEGA-ELEMENTARY
symbolic/block-wrappers.maude	p3109-block-Hypot	src/generated_operations.jl	generated instance of shared arity kernel	inventory and source family tests	generated instance; follow template label in source	inherits template guards and ordered shared kernel	P3109-BLOCK; P3109-OMEGA-ELEMENTARY
symbolic/block-wrappers.maude	p3109-map-Hypot-nil	src/generated_operations.jl	generated instance of shared arity kernel	inventory and source family tests	generated instance; follow template label in source	inherits template guards and ordered shared kernel	P3109-BLOCK; P3109-OMEGA-ELEMENTARY
symbolic/block-wrappers.maude	p3109-map-Hypot-cons	src/generated_operations.jl	generated instance of shared arity kernel	inventory and source family tests	generated instance; follow template label in source	inherits template guards and ordered shared kernel	P3109-BLOCK; P3109-OMEGA-ELEMENTARY
symbolic/block-wrappers.maude	p3109-scaled-Hypot	src/generated_operations.jl	generated instance of shared arity kernel	inventory and source family tests	generated instance; follow template label in source	inherits template guards and ordered shared kernel	P3109-BLOCK; P3109-OMEGA-ELEMENTARY
symbolic/block-wrappers.maude	p3109-block-ArcTan2	src/generated_operations.jl	generated instance of shared arity kernel	inventory and source family tests	generated instance; follow template label in source	inherits template guards and ordered shared kernel	P3109-BLOCK; P3109-OMEGA-ELEMENTARY
symbolic/block-wrappers.maude	p3109-map-ArcTan2-nil	src/generated_operations.jl	generated instance of shared arity kernel	inventory and source family tests	generated instance; follow template label in source	inherits template guards and ordered shared kernel	P3109-BLOCK; P3109-OMEGA-ELEMENTARY
symbolic/block-wrappers.maude	p3109-map-ArcTan2-cons	src/generated_operations.jl	generated instance of shared arity kernel	inventory and source family tests	generated instance; follow template label in source	inherits template guards and ordered shared kernel	P3109-BLOCK; P3109-OMEGA-ELEMENTARY
symbolic/block-wrappers.maude	p3109-scaled-ArcTan2	src/generated_operations.jl	generated instance of shared arity kernel	inventory and source family tests	generated instance; follow template label in source	inherits template guards and ordered shared kernel	P3109-BLOCK; P3109-OMEGA-ELEMENTARY
symbolic/block-wrappers.maude	p3109-block-ArcTan2Pi	src/generated_operations.jl	generated instance of shared arity kernel	inventory and source family tests	generated instance; follow template label in source	inherits template guards and ordered shared kernel	P3109-BLOCK; P3109-OMEGA-ELEMENTARY
symbolic/block-wrappers.maude	p3109-map-ArcTan2Pi-nil	src/generated_operations.jl	generated instance of shared arity kernel	inventory and source family tests	generated instance; follow template label in source	inherits template guards and ordered shared kernel	P3109-BLOCK; P3109-OMEGA-ELEMENTARY
symbolic/block-wrappers.maude	p3109-map-ArcTan2Pi-cons	src/generated_operations.jl	generated instance of shared arity kernel	inventory and source family tests	generated instance; follow template label in source	inherits template guards and ordered shared kernel	P3109-BLOCK; P3109-OMEGA-ELEMENTARY
symbolic/block-wrappers.maude	p3109-scaled-ArcTan2Pi	src/generated_operations.jl	generated instance of shared arity kernel	inventory and source family tests	generated instance; follow template label in source	inherits template guards and ordered shared kernel	P3109-BLOCK; P3109-OMEGA-ELEMENTARY
symbolic/omega-elementary.maude	p3109-expr-Sqrt-domain	src/symbolic.jl	family implementation; source guards reviewed	finite source suites; no universal proof	clause=4.10; page=40-44	xLe(fin(0), U)	P3109-REAL-EXPRESSIONS
symbolic/omega-elementary.maude	p3109-omega-elementary-001	src/symbolic.jl	family implementation; source guards reviewed	finite source suites; no universal proof	clause=4.10.8-4.10.16; page=40-48	xLe(fin(0), U)	P3109-REAL-EXPRESSIONS
symbolic/omega-elementary.maude	p3109-omega-elementary-002	src/symbolic.jl	family implementation; source guards reviewed	finite source suites; no universal proof	clause=4.10.8-4.10.16; page=40-48	unconditional; enclosing sort/membership restrictions apply	P3109-REAL-EXPRESSIONS
symbolic/omega-elementary.maude	p3109-omega-elementary-003	src/symbolic.jl	family implementation; source guards reviewed	finite source suites; no universal proof	clause=4.10.8-4.10.16; page=40-48	unconditional; enclosing sort/membership restrictions apply	P3109-REAL-EXPRESSIONS
symbolic/omega-elementary.maude	p3109-omega-elementary-004	src/symbolic.jl	family implementation; source guards reviewed	finite source suites; no universal proof	clause=4.10.8-4.10.16; page=40-48	unconditional; enclosing sort/membership restrictions apply	P3109-REAL-EXPRESSIONS
symbolic/omega-elementary.maude	p3109-omega-elementary-005	src/symbolic.jl	family implementation; source guards reviewed	finite source suites; no universal proof	clause=4.10.8-4.10.16; page=40-48	unconditional; enclosing sort/membership restrictions apply	P3109-REAL-EXPRESSIONS
symbolic/omega-elementary.maude	p3109-omega-elementary-006	src/symbolic.jl	family implementation; source guards reviewed	finite source suites; no universal proof	clause=4.10.8-4.10.16; page=40-48	unconditional; enclosing sort/membership restrictions apply	P3109-REAL-EXPRESSIONS
symbolic/omega-elementary.maude	p3109-expr-Log-domain	src/symbolic.jl	family implementation; source guards reviewed	finite source suites; no universal proof	clause=4.10; page=40-44	xLt(fin(0), U)	P3109-REAL-EXPRESSIONS
symbolic/omega-elementary.maude	p3109-omega-elementary-007	src/symbolic.jl	family implementation; source guards reviewed	finite source suites; no universal proof	clause=4.10.8-4.10.16; page=40-48	xLt(fin(0), U)	P3109-REAL-EXPRESSIONS
symbolic/omega-elementary.maude	p3109-omega-elementary-008	src/symbolic.jl	family implementation; source guards reviewed	finite source suites; no universal proof	clause=4.10.8-4.10.16; page=40-48	unconditional; enclosing sort/membership restrictions apply	P3109-REAL-EXPRESSIONS
symbolic/omega-elementary.maude	p3109-expr-Log2-domain	src/symbolic.jl	family implementation; source guards reviewed	finite source suites; no universal proof	clause=4.10; page=40-44	xLt(fin(0), U)	P3109-REAL-EXPRESSIONS
symbolic/omega-elementary.maude	p3109-omega-elementary-009	src/symbolic.jl	family implementation; source guards reviewed	finite source suites; no universal proof	clause=4.10.8-4.10.16; page=40-48	xLt(fin(0), U)	P3109-REAL-EXPRESSIONS
symbolic/omega-elementary.maude	p3109-omega-elementary-010	src/symbolic.jl	family implementation; source guards reviewed	finite source suites; no universal proof	clause=4.10.8-4.10.16; page=40-48	unconditional; enclosing sort/membership restrictions apply	P3109-REAL-EXPRESSIONS
symbolic/omega-elementary.maude	p3109-omega-elementary-011	src/symbolic.jl	family implementation; source guards reviewed	finite source suites; no universal proof	clause=4.10.8-4.10.16; page=40-48	unconditional; enclosing sort/membership restrictions apply	P3109-REAL-EXPRESSIONS
symbolic/omega-elementary.maude	p3109-omega-elementary-012	src/symbolic.jl	family implementation; source guards reviewed	finite source suites; no universal proof	clause=4.10.8-4.10.16; page=40-48	unconditional; enclosing sort/membership restrictions apply	P3109-REAL-EXPRESSIONS
symbolic/omega-elementary.maude	p3109-omega-elementary-013	src/symbolic.jl	family implementation; source guards reviewed	finite source suites; no universal proof	clause=4.10.8-4.10.16; page=40-48	unconditional; enclosing sort/membership restrictions apply	P3109-REAL-EXPRESSIONS
symbolic/omega-elementary.maude	p3109-omega-elementary-014	src/symbolic.jl	family implementation; source guards reviewed	finite source suites; no universal proof	clause=4.10.8-4.10.16; page=40-48	unconditional; enclosing sort/membership restrictions apply	P3109-REAL-EXPRESSIONS
symbolic/omega-elementary.maude	p3109-expr-Tan-domain	src/symbolic.jl	family implementation; source guards reviewed	finite source suites; no universal proof	clause=4.10; page=40-44	xEq(omegaCos(U), fin(0)) == false	P3109-REAL-EXPRESSIONS
symbolic/omega-elementary.maude	p3109-omega-elementary-015	src/symbolic.jl	family implementation; source guards reviewed	finite source suites; no universal proof	clause=4.10.8-4.10.16; page=40-48	xEq(omegaCos(U), fin(0)) == false	P3109-REAL-EXPRESSIONS
symbolic/omega-elementary.maude	p3109-omega-elementary-016	src/symbolic.jl	family implementation; source guards reviewed	finite source suites; no universal proof	clause=4.10.8-4.10.16; page=40-48	unconditional; enclosing sort/membership restrictions apply	P3109-REAL-EXPRESSIONS
symbolic/omega-elementary.maude	p3109-expr-ArcSin-domain	src/symbolic.jl	family implementation; source guards reviewed	finite source suites; no universal proof	clause=4.10; page=40-44	xLe(fin(-1), U) /\ xLe(U, fin(1))	P3109-REAL-EXPRESSIONS
symbolic/omega-elementary.maude	p3109-omega-elementary-017	src/symbolic.jl	family implementation; source guards reviewed	finite source suites; no universal proof	clause=4.10.8-4.10.16; page=40-48	xLe(fin(-1), U) /\ xLe(U, fin(1))	P3109-REAL-EXPRESSIONS
symbolic/omega-elementary.maude	p3109-omega-elementary-018	src/symbolic.jl	family implementation; source guards reviewed	finite source suites; no universal proof	clause=4.10.8-4.10.16; page=40-48	unconditional; enclosing sort/membership restrictions apply	P3109-REAL-EXPRESSIONS
symbolic/omega-elementary.maude	p3109-expr-ArcCos-domain	src/symbolic.jl	family implementation; source guards reviewed	finite source suites; no universal proof	clause=4.10; page=40-44	xLe(fin(-1), U) /\ xLe(U, fin(1))	P3109-REAL-EXPRESSIONS
symbolic/omega-elementary.maude	p3109-omega-elementary-019	src/symbolic.jl	family implementation; source guards reviewed	finite source suites; no universal proof	clause=4.10.8-4.10.16; page=40-48	xLe(fin(-1), U) /\ xLe(U, fin(1))	P3109-REAL-EXPRESSIONS
symbolic/omega-elementary.maude	p3109-omega-elementary-020	src/symbolic.jl	family implementation; source guards reviewed	finite source suites; no universal proof	clause=4.10.8-4.10.16; page=40-48	unconditional; enclosing sort/membership restrictions apply	P3109-REAL-EXPRESSIONS
symbolic/omega-elementary.maude	p3109-omega-elementary-021	src/symbolic.jl	family implementation; source guards reviewed	finite source suites; no universal proof	clause=4.10.8-4.10.16; page=40-48	unconditional; enclosing sort/membership restrictions apply	P3109-REAL-EXPRESSIONS
symbolic/omega-elementary.maude	p3109-omega-elementary-022	src/symbolic.jl	family implementation; source guards reviewed	finite source suites; no universal proof	clause=4.10.8-4.10.16; page=40-48	unconditional; enclosing sort/membership restrictions apply	P3109-REAL-EXPRESSIONS
symbolic/omega-elementary.maude	p3109-omega-elementary-023	src/symbolic.jl	family implementation; source guards reviewed	finite source suites; no universal proof	clause=4.10.8-4.10.16; page=40-48	unconditional; enclosing sort/membership restrictions apply	P3109-REAL-EXPRESSIONS
symbolic/omega-elementary.maude	p3109-omega-elementary-024	src/symbolic.jl	family implementation; source guards reviewed	finite source suites; no universal proof	clause=4.10.8-4.10.16; page=40-48	unconditional; enclosing sort/membership restrictions apply	P3109-REAL-EXPRESSIONS
symbolic/omega-elementary.maude	p3109-omega-elementary-025	src/symbolic.jl	family implementation; source guards reviewed	finite source suites; no universal proof	clause=4.10.8-4.10.16; page=40-48	unconditional; enclosing sort/membership restrictions apply	P3109-REAL-EXPRESSIONS
symbolic/omega-elementary.maude	p3109-omega-elementary-026	src/symbolic.jl	family implementation; source guards reviewed	finite source suites; no universal proof	clause=4.10.8-4.10.16; page=40-48	unconditional; enclosing sort/membership restrictions apply	P3109-REAL-EXPRESSIONS
symbolic/omega-elementary.maude	p3109-omega-elementary-027	src/symbolic.jl	family implementation; source guards reviewed	finite source suites; no universal proof	clause=4.10.8-4.10.16; page=40-48	unconditional; enclosing sort/membership restrictions apply	P3109-REAL-EXPRESSIONS
symbolic/omega-elementary.maude	p3109-omega-elementary-028	src/symbolic.jl	family implementation; source guards reviewed	finite source suites; no universal proof	clause=4.10.8-4.10.16; page=40-48	unconditional; enclosing sort/membership restrictions apply	P3109-REAL-EXPRESSIONS
symbolic/omega-elementary.maude	p3109-omega-elementary-029	src/symbolic.jl	family implementation; source guards reviewed	finite source suites; no universal proof	clause=4.10.8-4.10.16; page=40-48	unconditional; enclosing sort/membership restrictions apply	P3109-REAL-EXPRESSIONS
symbolic/omega-elementary.maude	p3109-omega-elementary-030	src/symbolic.jl	family implementation; source guards reviewed	finite source suites; no universal proof	clause=4.10.8-4.10.16; page=40-48	unconditional; enclosing sort/membership restrictions apply	P3109-REAL-EXPRESSIONS
symbolic/omega-elementary.maude	p3109-expr-ArcCosh-domain	src/symbolic.jl	family implementation; source guards reviewed	finite source suites; no universal proof	clause=4.10; page=40-44	xLe(fin(1), U)	P3109-REAL-EXPRESSIONS
symbolic/omega-elementary.maude	p3109-omega-elementary-031	src/symbolic.jl	family implementation; source guards reviewed	finite source suites; no universal proof	clause=4.10.8-4.10.16; page=40-48	xLe(fin(1), U)	P3109-REAL-EXPRESSIONS
symbolic/omega-elementary.maude	p3109-omega-elementary-032	src/symbolic.jl	family implementation; source guards reviewed	finite source suites; no universal proof	clause=4.10.8-4.10.16; page=40-48	unconditional; enclosing sort/membership restrictions apply	P3109-REAL-EXPRESSIONS
symbolic/omega-elementary.maude	p3109-expr-ArcTanh-domain	src/symbolic.jl	family implementation; source guards reviewed	finite source suites; no universal proof	clause=4.10; page=40-44	xLt(fin(-1), U) /\ xLt(U, fin(1))	P3109-REAL-EXPRESSIONS
symbolic/omega-elementary.maude	p3109-omega-elementary-033	src/symbolic.jl	family implementation; source guards reviewed	finite source suites; no universal proof	clause=4.10.8-4.10.16; page=40-48	xLt(fin(-1), U) /\ xLt(U, fin(1))	P3109-REAL-EXPRESSIONS
symbolic/omega-elementary.maude	p3109-omega-elementary-034	src/symbolic.jl	family implementation; source guards reviewed	finite source suites; no universal proof	clause=4.10.8-4.10.16; page=40-48	unconditional; enclosing sort/membership restrictions apply	P3109-REAL-EXPRESSIONS
symbolic/omega-elementary.maude	p3109-omega-elementary-035	src/symbolic.jl	family implementation; source guards reviewed	finite source suites; no universal proof	clause=4.10.8-4.10.16; page=40-48	unconditional; enclosing sort/membership restrictions apply	P3109-REAL-EXPRESSIONS
symbolic/omega-elementary.maude	p3109-omega-elementary-036	src/symbolic.jl	family implementation; source guards reviewed	finite source suites; no universal proof	clause=4.10.8-4.10.16; page=40-48	unconditional; enclosing sort/membership restrictions apply	P3109-REAL-EXPRESSIONS
symbolic/omega-elementary.maude	p3109-omega-elementary-037	src/symbolic.jl	family implementation; source guards reviewed	finite source suites; no universal proof	clause=4.10.8-4.10.16; page=40-48	unconditional; enclosing sort/membership restrictions apply	P3109-REAL-EXPRESSIONS
symbolic/omega-elementary.maude	p3109-omega-elementary-038	src/symbolic.jl	family implementation; source guards reviewed	finite source suites; no universal proof	clause=4.10.8-4.10.16; page=40-48	unconditional; enclosing sort/membership restrictions apply	P3109-REAL-EXPRESSIONS
symbolic/omega-elementary.maude	p3109-omega-elementary-039	src/symbolic.jl	family implementation; source guards reviewed	finite source suites; no universal proof	clause=4.10.8-4.10.16; page=40-48	unconditional; enclosing sort/membership restrictions apply	P3109-REAL-EXPRESSIONS
symbolic/omega-elementary.maude	p3109-omega-elementary-040	src/symbolic.jl	family implementation; source guards reviewed	finite source suites; no universal proof	clause=4.10.8-4.10.16; page=40-48	unconditional; enclosing sort/membership restrictions apply	P3109-REAL-EXPRESSIONS
symbolic/omega-elementary.maude	p3109-omega-elementary-041	src/symbolic.jl	family implementation; source guards reviewed	finite source suites; no universal proof	clause=4.10.8-4.10.16; page=40-48	unconditional; enclosing sort/membership restrictions apply	P3109-REAL-EXPRESSIONS
symbolic/omega-elementary.maude	p3109-omega-elementary-042	src/symbolic.jl	family implementation; source guards reviewed	finite source suites; no universal proof	clause=4.10.8-4.10.16; page=40-48	unconditional; enclosing sort/membership restrictions apply	P3109-REAL-EXPRESSIONS
symbolic/omega-elementary.maude	p3109-omega-elementary-043	src/symbolic.jl	family implementation; source guards reviewed	finite source suites; no universal proof	clause=4.10.8-4.10.16; page=40-48	unconditional; enclosing sort/membership restrictions apply	P3109-REAL-EXPRESSIONS
symbolic/omega-elementary.maude	p3109-omega-elementary-044	src/symbolic.jl	family implementation; source guards reviewed	finite source suites; no universal proof	clause=4.10.8-4.10.16; page=40-48	unconditional; enclosing sort/membership restrictions apply	P3109-REAL-EXPRESSIONS
symbolic/omega-elementary.maude	p3109-omega-elementary-045	src/symbolic.jl	family implementation; source guards reviewed	finite source suites; no universal proof	clause=4.10.8-4.10.16; page=40-48	unconditional; enclosing sort/membership restrictions apply	P3109-REAL-EXPRESSIONS
symbolic/omega-elementary.maude	p3109-omega-elementary-046	src/symbolic.jl	family implementation; source guards reviewed	finite source suites; no universal proof	clause=4.10.8-4.10.16; page=40-48	unconditional; enclosing sort/membership restrictions apply	P3109-REAL-EXPRESSIONS
symbolic/omega-elementary.maude	p3109-omega-elementary-047	src/symbolic.jl	family implementation; source guards reviewed	finite source suites; no universal proof	clause=4.10.8-4.10.16; page=40-48	unconditional; enclosing sort/membership restrictions apply	P3109-REAL-EXPRESSIONS
symbolic/omega-elementary.maude	p3109-omega-elementary-048	src/symbolic.jl	family implementation; source guards reviewed	finite source suites; no universal proof	clause=4.10.8-4.10.16; page=40-48	unconditional; enclosing sort/membership restrictions apply	P3109-REAL-EXPRESSIONS
symbolic/omega-elementary.maude	p3109-omega-elementary-049	src/symbolic.jl	family implementation; source guards reviewed	finite source suites; no universal proof	clause=4.10.8-4.10.16; page=40-48	unconditional; enclosing sort/membership restrictions apply	P3109-REAL-EXPRESSIONS
symbolic/omega-elementary.maude	p3109-omega-elementary-050	src/symbolic.jl	family implementation; source guards reviewed	finite source suites; no universal proof	clause=4.10.8-4.10.16; page=40-48	unconditional; enclosing sort/membership restrictions apply	P3109-REAL-EXPRESSIONS
symbolic/omega-elementary.maude	p3109-omega-elementary-051	src/symbolic.jl	family implementation; source guards reviewed	finite source suites; no universal proof	clause=4.10.8-4.10.16; page=40-48	unconditional; enclosing sort/membership restrictions apply	P3109-REAL-EXPRESSIONS
symbolic/omega-elementary.maude	p3109-omega-elementary-052	src/symbolic.jl	family implementation; source guards reviewed	finite source suites; no universal proof	clause=4.10.8-4.10.16; page=40-48	unconditional; enclosing sort/membership restrictions apply	P3109-REAL-EXPRESSIONS
symbolic/omega-elementary.maude	p3109-omega-elementary-053	src/symbolic.jl	family implementation; source guards reviewed	finite source suites; no universal proof	clause=4.10.8-4.10.16; page=40-48	unconditional; enclosing sort/membership restrictions apply	P3109-REAL-EXPRESSIONS
symbolic/omega-elementary.maude	p3109-omega-elementary-054	src/symbolic.jl	family implementation; source guards reviewed	finite source suites; no universal proof	clause=4.10.8-4.10.16; page=40-48	unconditional; enclosing sort/membership restrictions apply	P3109-REAL-EXPRESSIONS
symbolic/omega-elementary.maude	p3109-omega-elementary-055	src/symbolic.jl	family implementation; source guards reviewed	finite source suites; no universal proof	clause=4.10.8-4.10.16; page=40-48	unconditional; enclosing sort/membership restrictions apply	P3109-REAL-EXPRESSIONS
symbolic/omega-elementary.maude	p3109-omega-elementary-056	src/symbolic.jl	family implementation; source guards reviewed	finite source suites; no universal proof	clause=4.10.8-4.10.16; page=40-48	unconditional; enclosing sort/membership restrictions apply	P3109-REAL-EXPRESSIONS
symbolic/omega-elementary.maude	p3109-omega-elementary-057	src/symbolic.jl	family implementation; source guards reviewed	finite source suites; no universal proof	clause=4.10.8-4.10.16; page=40-48	unconditional; enclosing sort/membership restrictions apply	P3109-REAL-EXPRESSIONS
symbolic/omega-elementary.maude	p3109-omega-elementary-058	src/symbolic.jl	family implementation; source guards reviewed	finite source suites; no universal proof	clause=4.10.8-4.10.16; page=40-48	unconditional; enclosing sort/membership restrictions apply	P3109-REAL-EXPRESSIONS
symbolic/omega-elementary.maude	p3109-omega-elementary-059	src/symbolic.jl	family implementation; source guards reviewed	finite source suites; no universal proof	clause=4.10.8-4.10.16; page=40-48	unconditional; enclosing sort/membership restrictions apply	P3109-REAL-EXPRESSIONS
symbolic/omega-elementary.maude	p3109-omega-elementary-060	src/symbolic.jl	family implementation; source guards reviewed	finite source suites; no universal proof	clause=4.10.8-4.10.16; page=40-48	unconditional; enclosing sort/membership restrictions apply	P3109-REAL-EXPRESSIONS
symbolic/omega-elementary.maude	p3109-omega-elementary-061	src/symbolic.jl	family implementation; source guards reviewed	finite source suites; no universal proof	clause=4.10.8-4.10.16; page=40-48	unconditional; enclosing sort/membership restrictions apply	P3109-REAL-EXPRESSIONS
symbolic/omega-elementary.maude	p3109-omega-elementary-062	src/symbolic.jl	family implementation; source guards reviewed	finite source suites; no universal proof	clause=4.10.8-4.10.16; page=40-48	unconditional; enclosing sort/membership restrictions apply	P3109-REAL-EXPRESSIONS
symbolic/omega-elementary.maude	p3109-omega-elementary-063	src/symbolic.jl	family implementation; source guards reviewed	finite source suites; no universal proof	clause=4.10.8-4.10.16; page=40-48	unconditional; enclosing sort/membership restrictions apply	P3109-REAL-EXPRESSIONS
symbolic/omega-elementary.maude	p3109-omega-elementary-064	src/symbolic.jl	family implementation; source guards reviewed	finite source suites; no universal proof	clause=4.10.8-4.10.16; page=40-48	unconditional; enclosing sort/membership restrictions apply	P3109-REAL-EXPRESSIONS
symbolic/omega-elementary.maude	p3109-omega-elementary-065	src/symbolic.jl	family implementation; source guards reviewed	finite source suites; no universal proof	clause=4.10.8-4.10.16; page=40-48	unconditional; enclosing sort/membership restrictions apply	P3109-REAL-EXPRESSIONS
symbolic/omega-elementary.maude	p3109-omega-elementary-066	src/symbolic.jl	family implementation; source guards reviewed	finite source suites; no universal proof	clause=4.10.8-4.10.16; page=40-48	unconditional; enclosing sort/membership restrictions apply	P3109-REAL-EXPRESSIONS
symbolic/omega-elementary.maude	p3109-omega-elementary-067	src/symbolic.jl	family implementation; source guards reviewed	finite source suites; no universal proof	clause=4.10.8-4.10.16; page=40-48	unconditional; enclosing sort/membership restrictions apply	P3109-REAL-EXPRESSIONS
symbolic/omega-elementary.maude	p3109-omega-elementary-068	src/symbolic.jl	family implementation; source guards reviewed	finite source suites; no universal proof	clause=4.10.8-4.10.16; page=40-48	unconditional; enclosing sort/membership restrictions apply	P3109-REAL-EXPRESSIONS
symbolic/omega-elementary.maude	p3109-omega-elementary-069	src/symbolic.jl	family implementation; source guards reviewed	finite source suites; no universal proof	clause=4.10.8-4.10.16; page=40-48	xLt(U, fin(0))	P3109-REAL-EXPRESSIONS
symbolic/omega-elementary.maude	p3109-omega-elementary-070	src/symbolic.jl	family implementation; source guards reviewed	finite source suites; no universal proof	clause=4.10.8-4.10.16; page=40-48	xLt(U, fin(0))	P3109-REAL-EXPRESSIONS
symbolic/omega-elementary.maude	p3109-omega-elementary-071	src/symbolic.jl	family implementation; source guards reviewed	finite source suites; no universal proof	clause=4.10.8-4.10.16; page=40-48	xLt(U, fin(0))	P3109-REAL-EXPRESSIONS
symbolic/omega-elementary.maude	p3109-omega-elementary-072	src/symbolic.jl	family implementation; source guards reviewed	finite source suites; no universal proof	clause=4.10.8-4.10.16; page=40-48	unconditional; enclosing sort/membership restrictions apply	P3109-REAL-EXPRESSIONS
symbolic/omega-elementary.maude	p3109-omega-elementary-073	src/symbolic.jl	family implementation; source guards reviewed	finite source suites; no universal proof	clause=4.10.8-4.10.16; page=40-48	unconditional; enclosing sort/membership restrictions apply	P3109-REAL-EXPRESSIONS
symbolic/omega-elementary.maude	p3109-omega-elementary-074	src/symbolic.jl	family implementation; source guards reviewed	finite source suites; no universal proof	clause=4.10.8-4.10.16; page=40-48	xLt(U, fin(-1)) or xLt(fin(1), U)	P3109-REAL-EXPRESSIONS
symbolic/omega-elementary.maude	p3109-omega-elementary-075	src/symbolic.jl	family implementation; source guards reviewed	finite source suites; no universal proof	clause=4.10.8-4.10.16; page=40-48	xLt(U, fin(-1)) or xLt(fin(1), U)	P3109-REAL-EXPRESSIONS
symbolic/omega-elementary.maude	p3109-omega-elementary-076	src/symbolic.jl	family implementation; source guards reviewed	finite source suites; no universal proof	clause=4.10.8-4.10.16; page=40-48	xLt(U, fin(-1)) or xLt(fin(1), U)	P3109-REAL-EXPRESSIONS
symbolic/omega-elementary.maude	p3109-omega-elementary-077	src/symbolic.jl	family implementation; source guards reviewed	finite source suites; no universal proof	clause=4.10.8-4.10.16; page=40-48	xLt(U, fin(1))	P3109-REAL-EXPRESSIONS
symbolic/omega-elementary.maude	p3109-omega-elementary-078	src/symbolic.jl	family implementation; source guards reviewed	finite source suites; no universal proof	clause=4.10.8-4.10.16; page=40-48	unconditional; enclosing sort/membership restrictions apply	P3109-REAL-EXPRESSIONS
symbolic/omega-elementary.maude	p3109-omega-elementary-079	src/symbolic.jl	family implementation; source guards reviewed	finite source suites; no universal proof	clause=4.10.8-4.10.16; page=40-48	unconditional; enclosing sort/membership restrictions apply	P3109-REAL-EXPRESSIONS
symbolic/omega-elementary.maude	p3109-omega-elementary-080	src/symbolic.jl	family implementation; source guards reviewed	finite source suites; no universal proof	clause=4.10.8-4.10.16; page=40-48	unconditional; enclosing sort/membership restrictions apply	P3109-REAL-EXPRESSIONS
symbolic/omega-elementary.maude	p3109-omega-elementary-081	src/symbolic.jl	family implementation; source guards reviewed	finite source suites; no universal proof	clause=4.10.8-4.10.16; page=40-48	unconditional; enclosing sort/membership restrictions apply	P3109-REAL-EXPRESSIONS
symbolic/omega-elementary.maude	p3109-omega-elementary-082	src/symbolic.jl	family implementation; source guards reviewed	finite source suites; no universal proof	clause=4.10.8-4.10.16; page=40-48	unconditional; enclosing sort/membership restrictions apply	P3109-REAL-EXPRESSIONS
symbolic/omega-elementary.maude	p3109-omega-elementary-083	src/symbolic.jl	family implementation; source guards reviewed	finite source suites; no universal proof	clause=4.10.8-4.10.16; page=40-48	xLe(U, fin(0))	P3109-REAL-EXPRESSIONS
symbolic/omega-elementary.maude	p3109-omega-elementary-084	src/symbolic.jl	family implementation; source guards reviewed	finite source suites; no universal proof	clause=4.10.8-4.10.16; page=40-48	xLt(fin(0), U)	P3109-REAL-EXPRESSIONS
symbolic/omega-elementary.maude	p3109-omega-elementary-085	src/symbolic.jl	family implementation; source guards reviewed	finite source suites; no universal proof	clause=4.10.8-4.10.16; page=40-48	unconditional; enclosing sort/membership restrictions apply	P3109-REAL-EXPRESSIONS
symbolic/omega-elementary.maude	p3109-omega-elementary-086	src/symbolic.jl	family implementation; source guards reviewed	finite source suites; no universal proof	clause=4.10.8-4.10.16; page=40-48	unconditional; enclosing sort/membership restrictions apply	P3109-REAL-EXPRESSIONS
symbolic/omega-elementary.maude	p3109-omega-elementary-087	src/symbolic.jl	family implementation; source guards reviewed	finite source suites; no universal proof	clause=4.10.8-4.10.16; page=40-48	unconditional; enclosing sort/membership restrictions apply	P3109-REAL-EXPRESSIONS
symbolic/omega-elementary.maude	p3109-omega-elementary-088	src/symbolic.jl	family implementation; source guards reviewed	finite source suites; no universal proof	clause=4.10.8-4.10.16; page=40-48	unconditional; enclosing sort/membership restrictions apply	P3109-REAL-EXPRESSIONS
symbolic/omega-elementary.maude	p3109-omega-elementary-089	src/symbolic.jl	family implementation; source guards reviewed	finite source suites; no universal proof	clause=4.10.8-4.10.16; page=40-48	unconditional; enclosing sort/membership restrictions apply	P3109-REAL-EXPRESSIONS
symbolic/omega-elementary.maude	p3109-omega-elementary-090	src/symbolic.jl	family implementation; source guards reviewed	finite source suites; no universal proof	clause=4.10.8-4.10.16; page=40-48	unconditional; enclosing sort/membership restrictions apply	P3109-REAL-EXPRESSIONS
symbolic/omega-elementary.maude	p3109-omega-elementary-091	src/symbolic.jl	family implementation; source guards reviewed	finite source suites; no universal proof	clause=4.10.8-4.10.16; page=40-48	unconditional; enclosing sort/membership restrictions apply	P3109-REAL-EXPRESSIONS
symbolic/omega-elementary.maude	p3109-omega-elementary-092	src/symbolic.jl	family implementation; source guards reviewed	finite source suites; no universal proof	clause=4.10.8-4.10.16; page=40-48	unconditional; enclosing sort/membership restrictions apply	P3109-REAL-EXPRESSIONS
symbolic/omega-elementary.maude	p3109-omega-elementary-093	src/symbolic.jl	family implementation; source guards reviewed	finite source suites; no universal proof	clause=4.10.8-4.10.16; page=40-48	unconditional; enclosing sort/membership restrictions apply	P3109-REAL-EXPRESSIONS
symbolic/omega-elementary.maude	p3109-omega-elementary-094	src/symbolic.jl	family implementation; source guards reviewed	finite source suites; no universal proof	clause=4.10.8-4.10.16; page=40-48	xEq(omegaCos(U), fin(0)) /\ xLt(fin(0), omegaSin(U))	P3109-REAL-EXPRESSIONS
symbolic/omega-elementary.maude	p3109-omega-elementary-095	src/symbolic.jl	family implementation; source guards reviewed	finite source suites; no universal proof	clause=4.10.8-4.10.16; page=40-48	xEq(omegaCos(U), fin(0)) /\ xLt(omegaSin(U), fin(0))	P3109-REAL-EXPRESSIONS
symbolic/omega-elementary.maude	p3109-omega-elementary-096	src/symbolic.jl	family implementation; source guards reviewed	finite source suites; no universal proof	clause=4.10.8-4.10.16; page=40-48	unconditional; enclosing sort/membership restrictions apply	P3109-REAL-EXPRESSIONS
symbolic/omega-elementary.maude	p3109-omega-elementary-097	src/symbolic.jl	family implementation; source guards reviewed	finite source suites; no universal proof	clause=4.10.8-4.10.16; page=40-48	unconditional; enclosing sort/membership restrictions apply	P3109-REAL-EXPRESSIONS
symbolic/omega-elementary.maude	p3109-omega-elementary-098	src/symbolic.jl	family implementation; source guards reviewed	finite source suites; no universal proof	clause=4.10.8-4.10.16; page=40-48	unconditional; enclosing sort/membership restrictions apply	P3109-REAL-EXPRESSIONS
symbolic/omega-elementary.maude	p3109-omega-elementary-099	src/symbolic.jl	family implementation; source guards reviewed	finite source suites; no universal proof	clause=4.10.8-4.10.16; page=40-48	unconditional; enclosing sort/membership restrictions apply	P3109-REAL-EXPRESSIONS
symbolic/omega-elementary.maude	p3109-omega-elementary-100	src/symbolic.jl	family implementation; source guards reviewed	finite source suites; no universal proof	clause=4.10.8-4.10.16; page=40-48	R >= 0 /\ N := numeratorOf(R) /\ D := denominatorOf(R) /\ NS := integerSqrt(N) /\ DS := integerSqrt(D) /\ NS * NS == N /\ DS * DS == D	P3109-REAL-EXPRESSIONS
symbolic/omega-elementary.maude	p3109-omega-elementary-101	src/symbolic.jl	family implementation; source guards reviewed	finite source suites; no universal proof	clause=4.10.8-4.10.16; page=40-48	unconditional; enclosing sort/membership restrictions apply	P3109-REAL-EXPRESSIONS
symbolic/omega-elementary.maude	p3109-omega-elementary-102	src/symbolic.jl	family implementation; source guards reviewed	finite source suites; no universal proof	clause=4.10.8-4.10.16; page=40-48	unconditional; enclosing sort/membership restrictions apply	P3109-REAL-EXPRESSIONS
symbolic/omega-elementary.maude	p3109-omega-elementary-103	src/symbolic.jl	family implementation; source guards reviewed	finite source suites; no universal proof	clause=4.10.8-4.10.16; page=40-48	unconditional; enclosing sort/membership restrictions apply	P3109-REAL-EXPRESSIONS
symbolic/omega-elementary.maude	p3109-omega-elementary-104	src/symbolic.jl	family implementation; source guards reviewed	finite source suites; no universal proof	clause=4.10.8-4.10.16; page=40-48	R > 0 /\ K := floorLog2(R) /\ R == pow2(K)	P3109-REAL-EXPRESSIONS
symbolic/omega-elementary.maude	p3109-omega-elementary-105	src/symbolic.jl	family implementation; source guards reviewed	finite source suites; no universal proof	clause=4.10.8-4.10.16; page=40-48	unconditional; enclosing sort/membership restrictions apply	P3109-REAL-EXPRESSIONS
symbolic/omega-elementary.maude	p3109-omega-elementary-106	src/symbolic.jl	family implementation; source guards reviewed	finite source suites; no universal proof	clause=4.10.8-4.10.16; page=40-48	unconditional; enclosing sort/membership restrictions apply	P3109-REAL-EXPRESSIONS
symbolic/omega-elementary.maude	p3109-omega-elementary-107	src/symbolic.jl	family implementation; source guards reviewed	finite source suites; no universal proof	clause=4.10.8-4.10.16; page=40-48	unconditional; enclosing sort/membership restrictions apply	P3109-REAL-EXPRESSIONS
symbolic/omega-elementary.maude	p3109-omega-elementary-108	src/symbolic.jl	family implementation; source guards reviewed	finite source suites; no universal proof	clause=4.10.8-4.10.16; page=40-48	unconditional; enclosing sort/membership restrictions apply	P3109-REAL-EXPRESSIONS
symbolic/omega-elementary.maude	p3109-omega-elementary-109	src/symbolic.jl	family implementation; source guards reviewed	finite source suites; no universal proof	clause=4.10.8-4.10.16; page=40-48	unconditional; enclosing sort/membership restrictions apply	P3109-REAL-EXPRESSIONS
symbolic/omega-elementary.maude	p3109-omega-elementary-110	src/symbolic.jl	family implementation; source guards reviewed	finite source suites; no universal proof	clause=4.10.8-4.10.16; page=40-48	unconditional; enclosing sort/membership restrictions apply	P3109-REAL-EXPRESSIONS
symbolic/omega-elementary.maude	p3109-omega-elementary-111	src/symbolic.jl	family implementation; source guards reviewed	finite source suites; no universal proof	clause=4.10.8-4.10.16; page=40-48	unconditional; enclosing sort/membership restrictions apply	P3109-REAL-EXPRESSIONS
symbolic/omega-elementary.maude	p3109-omega-elementary-112	src/symbolic.jl	family implementation; source guards reviewed	finite source suites; no universal proof	clause=4.10.8-4.10.16; page=40-48	unconditional; enclosing sort/membership restrictions apply	P3109-REAL-EXPRESSIONS
symbolic/omega-elementary.maude	p3109-omega-elementary-113	src/symbolic.jl	family implementation; source guards reviewed	finite source suites; no universal proof	clause=4.10.8-4.10.16; page=40-48	unconditional; enclosing sort/membership restrictions apply	P3109-REAL-EXPRESSIONS
symbolic/omega-elementary.maude	p3109-omega-elementary-114	src/symbolic.jl	family implementation; source guards reviewed	finite source suites; no universal proof	clause=4.10.8-4.10.16; page=40-48	unconditional; enclosing sort/membership restrictions apply	P3109-REAL-EXPRESSIONS
symbolic/omega-elementary.maude	p3109-omega-elementary-115	src/symbolic.jl	family implementation; source guards reviewed	finite source suites; no universal proof	clause=4.10.8-4.10.16; page=40-48	unconditional; enclosing sort/membership restrictions apply	P3109-REAL-EXPRESSIONS
symbolic/omega-elementary.maude	p3109-omega-elementary-116	src/symbolic.jl	family implementation; source guards reviewed	finite source suites; no universal proof	clause=4.10.8-4.10.16; page=40-48	unconditional; enclosing sort/membership restrictions apply	P3109-REAL-EXPRESSIONS
symbolic/omega-elementary.maude	p3109-omega-elementary-117	src/symbolic.jl	family implementation; source guards reviewed	finite source suites; no universal proof	clause=4.10.8-4.10.16; page=40-48	unconditional; enclosing sort/membership restrictions apply	P3109-REAL-EXPRESSIONS
symbolic/omega-elementary.maude	p3109-omega-elementary-118	src/symbolic.jl	family implementation; source guards reviewed	finite source suites; no universal proof	clause=4.10.8-4.10.16; page=40-48	unconditional; enclosing sort/membership restrictions apply	P3109-REAL-EXPRESSIONS
symbolic/omega-elementary.maude	p3109-omega-elementary-119	src/symbolic.jl	family implementation; source guards reviewed	finite source suites; no universal proof	clause=4.10.8-4.10.16; page=40-48	unconditional; enclosing sort/membership restrictions apply	P3109-REAL-EXPRESSIONS
symbolic/omega-elementary.maude	p3109-omega-elementary-120	src/symbolic.jl	family implementation; source guards reviewed	finite source suites; no universal proof	clause=4.10.8-4.10.16; page=40-48	unconditional; enclosing sort/membership restrictions apply	P3109-REAL-EXPRESSIONS
symbolic/omega-elementary.maude	p3109-omega-elementary-121	src/symbolic.jl	family implementation; source guards reviewed	finite source suites; no universal proof	clause=4.10.8-4.10.16; page=40-48	unconditional; enclosing sort/membership restrictions apply	P3109-REAL-EXPRESSIONS
symbolic/omega-elementary.maude	p3109-omega-elementary-122	src/symbolic.jl	family implementation; source guards reviewed	finite source suites; no universal proof	clause=4.10.8-4.10.16; page=40-48	unconditional; enclosing sort/membership restrictions apply	P3109-REAL-EXPRESSIONS
symbolic/omega-elementary.maude	p3109-omega-elementary-123	src/symbolic.jl	family implementation; source guards reviewed	finite source suites; no universal proof	clause=4.10.8-4.10.16; page=40-48	R == floor(R)	P3109-REAL-EXPRESSIONS
symbolic/omega-elementary.maude	p3109-omega-elementary-124	src/symbolic.jl	family implementation; source guards reviewed	finite source suites; no universal proof	clause=4.10.8-4.10.16; page=40-48	even(floor(R)) then fin(1) else fin(-1) fi if R - floor(R) == 1/2	P3109-REAL-EXPRESSIONS
symbolic/omega-elementary.maude	p3109-omega-elementary-125	src/symbolic.jl	family implementation; source guards reviewed	finite source suites; no universal proof	clause=4.10.8-4.10.16; page=40-48	even(floor(R)) then fin(1) else fin(-1) fi if R == floor(R)	P3109-REAL-EXPRESSIONS
symbolic/omega-elementary.maude	p3109-omega-elementary-126	src/symbolic.jl	family implementation; source guards reviewed	finite source suites; no universal proof	clause=4.10.8-4.10.16; page=40-48	R - floor(R) == 1/2	P3109-REAL-EXPRESSIONS
symbolic/omega-elementary.maude	p3109-omega-elementary-127	src/symbolic.jl	family implementation; source guards reviewed	finite source suites; no universal proof	clause=4.10.8-4.10.16; page=40-48	R == floor(R)	P3109-REAL-EXPRESSIONS
symbolic/omega-elementary.maude	p3109-omega-elementary-128	src/symbolic.jl	family implementation; source guards reviewed	finite source suites; no universal proof	clause=4.10.8-4.10.16; page=40-48	R =/= 0	P3109-REAL-EXPRESSIONS
symbolic/omega-elementary.maude	p3109-omega-elementary-129	src/symbolic.jl	family implementation; source guards reviewed	finite source suites; no universal proof	clause=4.10.8-4.10.16; page=40-48	unconditional; enclosing sort/membership restrictions apply	P3109-REAL-EXPRESSIONS
symbolic/omega-elementary.maude	p3109-omega-elementary-130	src/symbolic.jl	family implementation; source guards reviewed	finite source suites; no universal proof	clause=4.10.8-4.10.16; page=40-48	unconditional; enclosing sort/membership restrictions apply	P3109-REAL-EXPRESSIONS
symbolic/omega-elementary.maude	p3109-omega-elementary-131	src/symbolic.jl	family implementation; source guards reviewed	finite source suites; no universal proof	clause=4.10.8-4.10.16; page=40-48	unconditional; enclosing sort/membership restrictions apply	P3109-REAL-EXPRESSIONS
symbolic/omega-elementary.maude	p3109-omega-elementary-132	src/symbolic.jl	family implementation; source guards reviewed	finite source suites; no universal proof	clause=4.10.8-4.10.16; page=40-48	unconditional; enclosing sort/membership restrictions apply	P3109-REAL-EXPRESSIONS
symbolic/omega-elementary.maude	p3109-omega-elementary-133	src/symbolic.jl	family implementation; source guards reviewed	finite source suites; no universal proof	clause=4.10.8-4.10.16; page=40-48	unconditional; enclosing sort/membership restrictions apply	P3109-REAL-EXPRESSIONS
symbolic/omega-elementary.maude	p3109-omega-elementary-134	src/symbolic.jl	family implementation; source guards reviewed	finite source suites; no universal proof	clause=4.10.8-4.10.16; page=40-48	unconditional; enclosing sort/membership restrictions apply	P3109-REAL-EXPRESSIONS
symbolic/omega-elementary.maude	p3109-omega-elementary-135	src/symbolic.jl	family implementation; source guards reviewed	finite source suites; no universal proof	clause=4.10.8-4.10.16; page=40-48	xLt(fin(0), U)	P3109-REAL-EXPRESSIONS
symbolic/omega-elementary.maude	p3109-omega-elementary-136	src/symbolic.jl	family implementation; source guards reviewed	finite source suites; no universal proof	clause=4.10.8-4.10.16; page=40-48	xLt(fin(0), U)	P3109-REAL-EXPRESSIONS
symbolic/omega-elementary.maude	p3109-omega-elementary-137	src/symbolic.jl	family implementation; source guards reviewed	finite source suites; no universal proof	clause=4.10.8-4.10.16; page=40-48	xLe(fin(0), U)	P3109-REAL-EXPRESSIONS
symbolic/omega-elementary.maude	p3109-omega-elementary-138	src/symbolic.jl	family implementation; source guards reviewed	finite source suites; no universal proof	clause=4.10.8-4.10.16; page=40-48	unconditional; enclosing sort/membership restrictions apply	P3109-REAL-EXPRESSIONS
symbolic/omega-elementary.maude	p3109-omega-elementary-139	src/symbolic.jl	family implementation; source guards reviewed	finite source suites; no universal proof	clause=4.10.8-4.10.16; page=40-48	unconditional; enclosing sort/membership restrictions apply	P3109-REAL-EXPRESSIONS
symbolic/omega-elementary.maude	p3109-omega-elementary-140	src/symbolic.jl	family implementation; source guards reviewed	finite source suites; no universal proof	clause=4.10.8-4.10.16; page=40-48	unconditional; enclosing sort/membership restrictions apply	P3109-REAL-EXPRESSIONS
symbolic/omega-elementary.maude	p3109-omega-elementary-141	src/symbolic.jl	family implementation; source guards reviewed	finite source suites; no universal proof	clause=4.10.8-4.10.16; page=40-48	unconditional; enclosing sort/membership restrictions apply	P3109-REAL-EXPRESSIONS
symbolic/omega-elementary.maude	p3109-omega-elementary-142	src/symbolic.jl	family implementation; source guards reviewed	finite source suites; no universal proof	clause=4.10.8-4.10.16; page=40-48	unconditional; enclosing sort/membership restrictions apply	P3109-REAL-EXPRESSIONS
symbolic/omega-elementary.maude	p3109-omega-elementary-143	src/symbolic.jl	family implementation; source guards reviewed	finite source suites; no universal proof	clause=4.10.8-4.10.16; page=40-48	unconditional; enclosing sort/membership restrictions apply	P3109-REAL-EXPRESSIONS
symbolic/omega-elementary.maude	p3109-omega-elementary-144	src/symbolic.jl	family implementation; source guards reviewed	finite source suites; no universal proof	clause=4.10.8-4.10.16; page=40-48	unconditional; enclosing sort/membership restrictions apply	P3109-REAL-EXPRESSIONS
symbolic/omega-elementary.maude	p3109-omega-elementary-145	src/symbolic.jl	family implementation; source guards reviewed	finite source suites; no universal proof	clause=4.10.8-4.10.16; page=40-48	unconditional; enclosing sort/membership restrictions apply	P3109-REAL-EXPRESSIONS
symbolic/omega-elementary.maude	p3109-omega-elementary-146	src/symbolic.jl	family implementation; source guards reviewed	finite source suites; no universal proof	clause=4.10.8-4.10.16; page=40-48	unconditional; enclosing sort/membership restrictions apply	P3109-REAL-EXPRESSIONS
symbolic/omega-elementary.maude	p3109-omega-elementary-147	src/symbolic.jl	family implementation; source guards reviewed	finite source suites; no universal proof	clause=4.10.8-4.10.16; page=40-48	unconditional; enclosing sort/membership restrictions apply	P3109-REAL-EXPRESSIONS
symbolic/omega-elementary.maude	p3109-omega-elementary-148	src/symbolic.jl	family implementation; source guards reviewed	finite source suites; no universal proof	clause=4.10.8-4.10.16; page=40-48	xLt(fin(0), U)	P3109-REAL-EXPRESSIONS
symbolic/omega-elementary.maude	p3109-omega-elementary-149	src/symbolic.jl	family implementation; source guards reviewed	finite source suites; no universal proof	clause=4.10.8-4.10.16; page=40-48	unconditional; enclosing sort/membership restrictions apply	P3109-REAL-EXPRESSIONS
symbolic/omega-elementary.maude	p3109-omega-elementary-150	src/symbolic.jl	family implementation; source guards reviewed	finite source suites; no universal proof	clause=4.10.8-4.10.16; page=40-48	xLt(fin(0), U)	P3109-REAL-EXPRESSIONS
symbolic/omega-elementary.maude	p3109-omega-elementary-151	src/symbolic.jl	family implementation; source guards reviewed	finite source suites; no universal proof	clause=4.10.8-4.10.16; page=40-48	xLe(fin(0), U)	P3109-REAL-EXPRESSIONS
symbolic/omega-elementary.maude	p3109-omega-elementary-152	src/symbolic.jl	family implementation; source guards reviewed	finite source suites; no universal proof	clause=4.10.8-4.10.16; page=40-48	xLt(U, fin(0))	P3109-REAL-EXPRESSIONS
symbolic/omega-elementary.maude	p3109-omega-elementary-153	src/symbolic.jl	family implementation; source guards reviewed	finite source suites; no universal proof	clause=4.10.8-4.10.16; page=40-48	xLt(U, fin(0))	P3109-REAL-EXPRESSIONS
symbolic/omega-elementary.maude	p3109-omega-elementary-154	src/symbolic.jl	family implementation; source guards reviewed	finite source suites; no universal proof	clause=4.10.8-4.10.16; page=40-48	unconditional; enclosing sort/membership restrictions apply	P3109-REAL-EXPRESSIONS
symbolic/omega-elementary.maude	p3109-omega-elementary-155	src/symbolic.jl	family implementation; source guards reviewed	finite source suites; no universal proof	clause=4.10.8-4.10.16; page=40-48	xLt(U, fin(0))	P3109-REAL-EXPRESSIONS
symbolic/omega-elementary.maude	p3109-omega-elementary-156	src/symbolic.jl	family implementation; source guards reviewed	finite source suites; no universal proof	clause=4.10.8-4.10.16; page=40-48	xLt(fin(0), V) /\ xEq(U, fin(0)) == false	P3109-REAL-EXPRESSIONS
symbolic/omega-elementary.maude	p3109-omega-elementary-157	src/symbolic.jl	family implementation; source guards reviewed	finite source suites; no universal proof	clause=4.10.8-4.10.16; page=40-48	xLt(fin(0), U) /\ xLt(V, fin(0))	P3109-REAL-EXPRESSIONS
symbolic/omega-elementary.maude	p3109-omega-elementary-158	src/symbolic.jl	family implementation; source guards reviewed	finite source suites; no universal proof	clause=4.10.8-4.10.16; page=40-48	xLt(U, fin(0)) /\ xLt(V, fin(0))	P3109-REAL-EXPRESSIONS
symbolic/omega-elementary.maude	p3109-omega-elementary-159	src/symbolic.jl	family implementation; source guards reviewed	finite source suites; no universal proof	clause=4.10.8-4.10.16; page=40-48	unconditional; enclosing sort/membership restrictions apply	P3109-REAL-EXPRESSIONS
symbolic/real-expressions.maude	p3109-real-expressions-001	src/symbolic.jl	family implementation; source guards reviewed	finite source suites; no universal proof	clause=3.1; 4.10; mathematical expression representation; page=16; 33-48	unconditional; enclosing sort/membership restrictions apply	P3109-OMEGA-EXTREMA
symbolic/real-expressions.maude	p3109-real-expressions-002	src/symbolic.jl	family implementation; source guards reviewed	finite source suites; no universal proof	clause=3.1; 4.10; mathematical expression representation; page=16; 33-48	unconditional; enclosing sort/membership restrictions apply	P3109-OMEGA-EXTREMA
symbolic/real-expressions.maude	p3109-real-expressions-003	src/symbolic.jl	family implementation; source guards reviewed	finite source suites; no universal proof	clause=3.1; 4.10; mathematical expression representation; page=16; 33-48	unconditional; enclosing sort/membership restrictions apply	P3109-OMEGA-EXTREMA
symbolic/real-expressions.maude	p3109-real-expressions-004	src/symbolic.jl	family implementation; source guards reviewed	finite source suites; no universal proof	clause=3.1; 4.10; mathematical expression representation; page=16; 33-48	unconditional; enclosing sort/membership restrictions apply	P3109-OMEGA-EXTREMA
symbolic/real-expressions.maude	p3109-real-expressions-005	src/symbolic.jl	family implementation; source guards reviewed	finite source suites; no universal proof	clause=3.1; 4.10; mathematical expression representation; page=16; 33-48	unconditional; enclosing sort/membership restrictions apply	P3109-OMEGA-EXTREMA
symbolic/real-expressions.maude	p3109-real-expressions-006	src/symbolic.jl	family implementation; source guards reviewed	finite source suites; no universal proof	clause=3.1; 4.10; mathematical expression representation; page=16; 33-48	unconditional; enclosing sort/membership restrictions apply	P3109-OMEGA-EXTREMA
symbolic/real-expressions.maude	p3109-real-expressions-007	src/symbolic.jl	family implementation; source guards reviewed	finite source suites; no universal proof	clause=3.1; 4.10; mathematical expression representation; page=16; 33-48	unconditional; enclosing sort/membership restrictions apply	P3109-OMEGA-EXTREMA
symbolic/real-expressions.maude	p3109-real-expressions-008	src/symbolic.jl	family implementation; source guards reviewed	finite source suites; no universal proof	clause=3.1; 4.10; mathematical expression representation; page=16; 33-48	unconditional; enclosing sort/membership restrictions apply	P3109-OMEGA-EXTREMA
symbolic/real-expressions.maude	p3109-real-expressions-009	src/symbolic.jl	family implementation; source guards reviewed	finite source suites; no universal proof	clause=3.1; 4.10; mathematical expression representation; page=16; 33-48	unconditional; enclosing sort/membership restrictions apply	P3109-OMEGA-EXTREMA
symbolic/real-expressions.maude	p3109-real-expressions-010	src/symbolic.jl	family implementation; source guards reviewed	finite source suites; no universal proof	clause=3.1; 4.10; mathematical expression representation; page=16; 33-48	unconditional; enclosing sort/membership restrictions apply	P3109-OMEGA-EXTREMA
symbolic/real-expressions.maude	p3109-real-expressions-011	src/symbolic.jl	family implementation; source guards reviewed	finite source suites; no universal proof	clause=3.1; 4.10; mathematical expression representation; page=16; 33-48	unconditional; enclosing sort/membership restrictions apply	P3109-OMEGA-EXTREMA
symbolic/real-expressions.maude	p3109-real-expressions-012	src/symbolic.jl	family implementation; source guards reviewed	finite source suites; no universal proof	clause=3.1; 4.10; mathematical expression representation; page=16; 33-48	unconditional; enclosing sort/membership restrictions apply	P3109-OMEGA-EXTREMA
symbolic/real-expressions.maude	p3109-real-expressions-013	src/symbolic.jl	family implementation; source guards reviewed	finite source suites; no universal proof	clause=3.1; 4.10; mathematical expression representation; page=16; 33-48	unconditional; enclosing sort/membership restrictions apply	P3109-OMEGA-EXTREMA
symbolic/real-expressions.maude	p3109-real-expressions-014	src/symbolic.jl	family implementation; source guards reviewed	finite source suites; no universal proof	clause=3.1; 4.10; mathematical expression representation; page=16; 33-48	unconditional; enclosing sort/membership restrictions apply	P3109-OMEGA-EXTREMA
symbolic/real-expressions.maude	p3109-real-expressions-015	src/symbolic.jl	family implementation; source guards reviewed	finite source suites; no universal proof	clause=3.1; 4.10; mathematical expression representation; page=16; 33-48	unconditional; enclosing sort/membership restrictions apply	P3109-OMEGA-EXTREMA
symbolic/real-expressions.maude	p3109-real-expressions-016	src/symbolic.jl	family implementation; source guards reviewed	finite source suites; no universal proof	clause=3.1; 4.10; mathematical expression representation; page=16; 33-48	unconditional; enclosing sort/membership restrictions apply	P3109-OMEGA-EXTREMA
symbolic/real-expressions.maude	p3109-real-expressions-017	src/symbolic.jl	family implementation; source guards reviewed	finite source suites; no universal proof	clause=3.1; 4.10; mathematical expression representation; page=16; 33-48	unconditional; enclosing sort/membership restrictions apply	P3109-OMEGA-EXTREMA
symbolic/real-expressions.maude	p3109-real-expressions-018	src/symbolic.jl	family implementation; source guards reviewed	finite source suites; no universal proof	clause=3.1; 4.10; mathematical expression representation; page=16; 33-48	unconditional; enclosing sort/membership restrictions apply	P3109-OMEGA-EXTREMA
symbolic/real-expressions.maude	p3109-real-expressions-019	src/symbolic.jl	family implementation; source guards reviewed	finite source suites; no universal proof	clause=3.1; 4.10; mathematical expression representation; page=16; 33-48	S =/= 0	P3109-OMEGA-EXTREMA
symbolic/real-expressions.maude	p3109-real-expressions-020	src/symbolic.jl	family implementation; source guards reviewed	finite source suites; no universal proof	clause=3.1; 4.10; mathematical expression representation; page=16; 33-48	S =/= 0	P3109-OMEGA-EXTREMA
symbolic/real-expressions.maude	p3109-real-expressions-021	src/symbolic.jl	family implementation; source guards reviewed	finite source suites; no universal proof	clause=3.1; 4.10; mathematical expression representation; page=16; 33-48	S =/= 0	P3109-OMEGA-EXTREMA
symbolic/real-expressions.maude	p3109-real-divide-domain	src/symbolic.jl	family implementation; source guards reviewed	finite source suites; no universal proof	clause=4.10.5; page=37	xEq(V, fin(0)) == false	P3109-OMEGA-EXTREMA
symbolic/real-expressions.maude	p3109-real-expressions-022	src/symbolic.jl	family implementation; source guards reviewed	finite source suites; no universal proof	clause=3.1; 4.10; mathematical expression representation; page=16; 33-48	unconditional; enclosing sort/membership restrictions apply	P3109-OMEGA-EXTREMA
symbolic/real-expressions.maude	p3109-real-expressions-023	src/symbolic.jl	family implementation; source guards reviewed	finite source suites; no universal proof	clause=3.1; 4.10; mathematical expression representation; page=16; 33-48	unconditional; enclosing sort/membership restrictions apply	P3109-OMEGA-EXTREMA
symbolic/real-expressions.maude	p3109-real-expressions-024	src/symbolic.jl	family implementation; source guards reviewed	finite source suites; no universal proof	clause=3.1; 4.10; mathematical expression representation; page=16; 33-48	unconditional; enclosing sort/membership restrictions apply	P3109-OMEGA-EXTREMA
symbolic/real-expressions.maude	p3109-real-expressions-025	src/symbolic.jl	family implementation; source guards reviewed	finite source suites; no universal proof	clause=3.1; 4.10; mathematical expression representation; page=16; 33-48	unconditional; enclosing sort/membership restrictions apply	P3109-OMEGA-EXTREMA
symbolic/real-expressions.maude	p3109-real-expressions-026	src/symbolic.jl	family implementation; source guards reviewed	finite source suites; no universal proof	clause=3.1; 4.10; mathematical expression representation; page=16; 33-48	xEq(V, fin(0))	P3109-OMEGA-EXTREMA
symbolic/real-expressions.maude	p3109-real-expressions-027	src/symbolic.jl	family implementation; source guards reviewed	finite source suites; no universal proof	clause=3.1; 4.10; mathematical expression representation; page=16; 33-48	xEq(V, fin(0)) == false	P3109-OMEGA-EXTREMA
symbolic/real-expressions.maude	p3109-real-expressions-028	src/symbolic.jl	family implementation; source guards reviewed	finite source suites; no universal proof	clause=3.1; 4.10; mathematical expression representation; page=16; 33-48	xEq(U, fin(0))	P3109-OMEGA-EXTREMA
symbolic/real-expressions.maude	p3109-real-expressions-029	src/symbolic.jl	family implementation; source guards reviewed	finite source suites; no universal proof	clause=3.1; 4.10; mathematical expression representation; page=16; 33-48	xMinus(I) == xMinus(U) then posInf else negInf fi if xEq(U, fin(0)) == false	P3109-OMEGA-EXTREMA
symbolic/real-expressions.maude	p3109-real-expressions-030	src/symbolic.jl	family implementation; source guards reviewed	finite source suites; no universal proof	clause=3.1; 4.10; mathematical expression representation; page=16; 33-48	xMinus(I) == xMinus(U) then posInf else negInf fi if xEq(U, fin(0)) == false	P3109-OMEGA-EXTREMA
symbolic/real-expressions.maude	p3109-real-expressions-031	src/symbolic.jl	family implementation; source guards reviewed	finite source suites; no universal proof	clause=3.1; 4.10; mathematical expression representation; page=16; 33-48	unconditional; enclosing sort/membership restrictions apply	P3109-OMEGA-EXTREMA
symbolic/real-expressions.maude	p3109-real-expressions-032	src/symbolic.jl	family implementation; source guards reviewed	finite source suites; no universal proof	clause=3.1; 4.10; mathematical expression representation; page=16; 33-48	unconditional; enclosing sort/membership restrictions apply	P3109-OMEGA-EXTREMA
symbolic/real-expressions.maude	p3109-real-expressions-033	src/symbolic.jl	family implementation; source guards reviewed	finite source suites; no universal proof	clause=3.1; 4.10; mathematical expression representation; page=16; 33-48	unconditional; enclosing sort/membership restrictions apply	P3109-OMEGA-EXTREMA
symbolic/real-expressions.maude	p3109-real-expressions-034	src/symbolic.jl	family implementation; source guards reviewed	finite source suites; no universal proof	clause=3.1; 4.10; mathematical expression representation; page=16; 33-48	unconditional; enclosing sort/membership restrictions apply	P3109-OMEGA-EXTREMA
symbolic/real-expressions.maude	p3109-real-expressions-035	src/symbolic.jl	family implementation; source guards reviewed	finite source suites; no universal proof	clause=3.1; 4.10; mathematical expression representation; page=16; 33-48	unconditional; enclosing sort/membership restrictions apply	P3109-OMEGA-EXTREMA
symbolic/real-expressions.maude	p3109-real-expressions-036	src/symbolic.jl	family implementation; source guards reviewed	finite source suites; no universal proof	clause=3.1; 4.10; mathematical expression representation; page=16; 33-48	unconditional; enclosing sort/membership restrictions apply	P3109-OMEGA-EXTREMA
symbolic/real-expressions.maude	p3109-real-expressions-037	src/symbolic.jl	family implementation; source guards reviewed	finite source suites; no universal proof	clause=3.1; 4.10; mathematical expression representation; page=16; 33-48	unconditional; enclosing sort/membership restrictions apply	P3109-OMEGA-EXTREMA
symbolic/real-expressions.maude	p3109-real-expressions-038	src/symbolic.jl	family implementation; source guards reviewed	finite source suites; no universal proof	clause=3.1; 4.10; mathematical expression representation; page=16; 33-48	unconditional; enclosing sort/membership restrictions apply	P3109-OMEGA-EXTREMA
symbolic/real-expressions.maude	p3109-real-expressions-039	src/symbolic.jl	family implementation; source guards reviewed	finite source suites; no universal proof	clause=3.1; 4.10; mathematical expression representation; page=16; 33-48	xLt(U, fin(0))	P3109-OMEGA-EXTREMA
symbolic/real-expressions.maude	p3109-real-expressions-040	src/symbolic.jl	family implementation; source guards reviewed	finite source suites; no universal proof	clause=3.1; 4.10; mathematical expression representation; page=16; 33-48	xEq(U, fin(0))	P3109-OMEGA-EXTREMA
symbolic/real-expressions.maude	p3109-real-expressions-041	src/symbolic.jl	family implementation; source guards reviewed	finite source suites; no universal proof	clause=3.1; 4.10; mathematical expression representation; page=16; 33-48	xLt(fin(0), U)	P3109-OMEGA-EXTREMA
symbolic/real-expressions.maude	p3109-real-zero-divide	src/symbolic.jl	family implementation; source guards reviewed	finite source suites; no universal proof	clause=4.10.5; page=37	xEq(V, fin(0)) == false	P3109-OMEGA-EXTREMA
symbolic/real-expressions.maude	p3109-real-unit-divide	src/symbolic.jl	family implementation; source guards reviewed	finite source suites; no universal proof	clause=4.10.5; page=37	unconditional; enclosing sort/membership restrictions apply	P3109-OMEGA-EXTREMA
symbolic/scalar-ops.maude	p3109-scalar-Sqrt	src/generated_operations.jl	generated instance of shared arity kernel	inventory and source family tests	generated instance; follow template label in source	inherits template guards and ordered shared kernel	P3109-PROJECT; P3109-OMEGA-EXTREMA; P3109-OMEGA-ELEMENTARY
symbolic/scalar-ops.maude	p3109-scalar-RSqrt	src/generated_operations.jl	generated instance of shared arity kernel	inventory and source family tests	generated instance; follow template label in source	inherits template guards and ordered shared kernel	P3109-PROJECT; P3109-OMEGA-EXTREMA; P3109-OMEGA-ELEMENTARY
symbolic/scalar-ops.maude	p3109-scalar-Exp	src/generated_operations.jl	generated instance of shared arity kernel	inventory and source family tests	generated instance; follow template label in source	inherits template guards and ordered shared kernel	P3109-PROJECT; P3109-OMEGA-EXTREMA; P3109-OMEGA-ELEMENTARY
symbolic/scalar-ops.maude	p3109-scalar-Exp2	src/generated_operations.jl	generated instance of shared arity kernel	inventory and source family tests	generated instance; follow template label in source	inherits template guards and ordered shared kernel	P3109-PROJECT; P3109-OMEGA-EXTREMA; P3109-OMEGA-ELEMENTARY
symbolic/scalar-ops.maude	p3109-scalar-Log	src/generated_operations.jl	generated instance of shared arity kernel	inventory and source family tests	generated instance; follow template label in source	inherits template guards and ordered shared kernel	P3109-PROJECT; P3109-OMEGA-EXTREMA; P3109-OMEGA-ELEMENTARY
symbolic/scalar-ops.maude	p3109-scalar-Log2	src/generated_operations.jl	generated instance of shared arity kernel	inventory and source family tests	generated instance; follow template label in source	inherits template guards and ordered shared kernel	P3109-PROJECT; P3109-OMEGA-EXTREMA; P3109-OMEGA-ELEMENTARY
symbolic/scalar-ops.maude	p3109-scalar-LogOnePlus	src/generated_operations.jl	generated instance of shared arity kernel	inventory and source family tests	generated instance; follow template label in source	inherits template guards and ordered shared kernel	P3109-PROJECT; P3109-OMEGA-EXTREMA; P3109-OMEGA-ELEMENTARY
symbolic/scalar-ops.maude	p3109-scalar-ExpMinusOne	src/generated_operations.jl	generated instance of shared arity kernel	inventory and source family tests	generated instance; follow template label in source	inherits template guards and ordered shared kernel	P3109-PROJECT; P3109-OMEGA-EXTREMA; P3109-OMEGA-ELEMENTARY
symbolic/scalar-ops.maude	p3109-scalar-Sin	src/generated_operations.jl	generated instance of shared arity kernel	inventory and source family tests	generated instance; follow template label in source	inherits template guards and ordered shared kernel	P3109-PROJECT; P3109-OMEGA-EXTREMA; P3109-OMEGA-ELEMENTARY
symbolic/scalar-ops.maude	p3109-scalar-Cos	src/generated_operations.jl	generated instance of shared arity kernel	inventory and source family tests	generated instance; follow template label in source	inherits template guards and ordered shared kernel	P3109-PROJECT; P3109-OMEGA-EXTREMA; P3109-OMEGA-ELEMENTARY
symbolic/scalar-ops.maude	p3109-scalar-Tan	src/generated_operations.jl	generated instance of shared arity kernel	inventory and source family tests	generated instance; follow template label in source	inherits template guards and ordered shared kernel	P3109-PROJECT; P3109-OMEGA-EXTREMA; P3109-OMEGA-ELEMENTARY
symbolic/scalar-ops.maude	p3109-scalar-ArcSin	src/generated_operations.jl	generated instance of shared arity kernel	inventory and source family tests	generated instance; follow template label in source	inherits template guards and ordered shared kernel	P3109-PROJECT; P3109-OMEGA-EXTREMA; P3109-OMEGA-ELEMENTARY
symbolic/scalar-ops.maude	p3109-scalar-ArcCos	src/generated_operations.jl	generated instance of shared arity kernel	inventory and source family tests	generated instance; follow template label in source	inherits template guards and ordered shared kernel	P3109-PROJECT; P3109-OMEGA-EXTREMA; P3109-OMEGA-ELEMENTARY
symbolic/scalar-ops.maude	p3109-scalar-ArcTan	src/generated_operations.jl	generated instance of shared arity kernel	inventory and source family tests	generated instance; follow template label in source	inherits template guards and ordered shared kernel	P3109-PROJECT; P3109-OMEGA-EXTREMA; P3109-OMEGA-ELEMENTARY
symbolic/scalar-ops.maude	p3109-scalar-Sinh	src/generated_operations.jl	generated instance of shared arity kernel	inventory and source family tests	generated instance; follow template label in source	inherits template guards and ordered shared kernel	P3109-PROJECT; P3109-OMEGA-EXTREMA; P3109-OMEGA-ELEMENTARY
symbolic/scalar-ops.maude	p3109-scalar-Cosh	src/generated_operations.jl	generated instance of shared arity kernel	inventory and source family tests	generated instance; follow template label in source	inherits template guards and ordered shared kernel	P3109-PROJECT; P3109-OMEGA-EXTREMA; P3109-OMEGA-ELEMENTARY
symbolic/scalar-ops.maude	p3109-scalar-Tanh	src/generated_operations.jl	generated instance of shared arity kernel	inventory and source family tests	generated instance; follow template label in source	inherits template guards and ordered shared kernel	P3109-PROJECT; P3109-OMEGA-EXTREMA; P3109-OMEGA-ELEMENTARY
symbolic/scalar-ops.maude	p3109-scalar-ArcSinh	src/generated_operations.jl	generated instance of shared arity kernel	inventory and source family tests	generated instance; follow template label in source	inherits template guards and ordered shared kernel	P3109-PROJECT; P3109-OMEGA-EXTREMA; P3109-OMEGA-ELEMENTARY
symbolic/scalar-ops.maude	p3109-scalar-ArcCosh	src/generated_operations.jl	generated instance of shared arity kernel	inventory and source family tests	generated instance; follow template label in source	inherits template guards and ordered shared kernel	P3109-PROJECT; P3109-OMEGA-EXTREMA; P3109-OMEGA-ELEMENTARY
symbolic/scalar-ops.maude	p3109-scalar-ArcTanh	src/generated_operations.jl	generated instance of shared arity kernel	inventory and source family tests	generated instance; follow template label in source	inherits template guards and ordered shared kernel	P3109-PROJECT; P3109-OMEGA-EXTREMA; P3109-OMEGA-ELEMENTARY
symbolic/scalar-ops.maude	p3109-scalar-SinPi	src/generated_operations.jl	generated instance of shared arity kernel	inventory and source family tests	generated instance; follow template label in source	inherits template guards and ordered shared kernel	P3109-PROJECT; P3109-OMEGA-EXTREMA; P3109-OMEGA-ELEMENTARY
symbolic/scalar-ops.maude	p3109-scalar-CosPi	src/generated_operations.jl	generated instance of shared arity kernel	inventory and source family tests	generated instance; follow template label in source	inherits template guards and ordered shared kernel	P3109-PROJECT; P3109-OMEGA-EXTREMA; P3109-OMEGA-ELEMENTARY
symbolic/scalar-ops.maude	p3109-scalar-TanPi	src/generated_operations.jl	generated instance of shared arity kernel	inventory and source family tests	generated instance; follow template label in source	inherits template guards and ordered shared kernel	P3109-PROJECT; P3109-OMEGA-EXTREMA; P3109-OMEGA-ELEMENTARY
symbolic/scalar-ops.maude	p3109-scalar-ArcSinPi	src/generated_operations.jl	generated instance of shared arity kernel	inventory and source family tests	generated instance; follow template label in source	inherits template guards and ordered shared kernel	P3109-PROJECT; P3109-OMEGA-EXTREMA; P3109-OMEGA-ELEMENTARY
symbolic/scalar-ops.maude	p3109-scalar-ArcCosPi	src/generated_operations.jl	generated instance of shared arity kernel	inventory and source family tests	generated instance; follow template label in source	inherits template guards and ordered shared kernel	P3109-PROJECT; P3109-OMEGA-EXTREMA; P3109-OMEGA-ELEMENTARY
symbolic/scalar-ops.maude	p3109-scalar-ArcTanPi	src/generated_operations.jl	generated instance of shared arity kernel	inventory and source family tests	generated instance; follow template label in source	inherits template guards and ordered shared kernel	P3109-PROJECT; P3109-OMEGA-EXTREMA; P3109-OMEGA-ELEMENTARY
symbolic/scalar-ops.maude	p3109-scalar-Softplus	src/generated_operations.jl	generated instance of shared arity kernel	inventory and source family tests	generated instance; follow template label in source	inherits template guards and ordered shared kernel	P3109-PROJECT; P3109-OMEGA-EXTREMA; P3109-OMEGA-ELEMENTARY
symbolic/scalar-ops.maude	p3109-scalar-Hypot	src/generated_operations.jl	generated instance of shared arity kernel	inventory and source family tests	generated instance; follow template label in source	inherits template guards and ordered shared kernel	P3109-PROJECT; P3109-OMEGA-EXTREMA; P3109-OMEGA-ELEMENTARY
symbolic/scalar-ops.maude	p3109-scalar-ArcTan2	src/generated_operations.jl	generated instance of shared arity kernel	inventory and source family tests	generated instance; follow template label in source	inherits template guards and ordered shared kernel	P3109-PROJECT; P3109-OMEGA-EXTREMA; P3109-OMEGA-ELEMENTARY
symbolic/scalar-ops.maude	p3109-scalar-ArcTan2Pi	src/generated_operations.jl	generated instance of shared arity kernel	inventory and source family tests	generated instance; follow template label in source	inherits template guards and ordered shared kernel	P3109-PROJECT; P3109-OMEGA-EXTREMA; P3109-OMEGA-ELEMENTARY
tests/support.maude	p3109-support-001	test/runtests.jl	family implementation; source guards reviewed	finite source suites; no universal proof	clause=implementation test harness; page=n/a	unconditional; enclosing sort/membership restrictions apply	STRING; NAT
tests/support.maude	p3109-support-002	test/runtests.jl	family implementation; source guards reviewed	finite source suites; no universal proof	clause=implementation test harness; page=n/a	unconditional; enclosing sort/membership restrictions apply	STRING; NAT
